Country,Product Name,FNSKU,Merchant SKU,ASIN,Condition,Supplier,Supplier part no.,Currency code,Price,Sales last 30 days,Units Sold Last 30 Days,Total Units,Inbound,Available,FC transfer,FC Processing,Customer Order,Unfulfillable,Working,Shipped,Receiving,Fulfilled by,Total Days of Supply (including units from open shipments),Days of Supply at Amazon Fulfillment Network,Alert,Recommended replenishment qty,Recommended ship date,Unit storage size
GB,Anelune Mens Linen Shorts Casual Classic Fit Cotton Summer Beach Short Mens Sports Shorts Holiday Essentials for Men and Drawstring with Elastic Waist and Pockets£¨Navy Blue-S£©,X001X55MYN,AN-4006-Navy Blue-S-CD-DE,B0CPPYPSXJ,New,--,,GBP,28.99,0,0,0,0,0,0,0,0,0,0,0,0,Amazon,,,,,,0.1406 ft3
GB,"Anelune Mens Summer Shorts with Pockets Casual Elasticated Waist Jogger Shorts - Men's Linen Bermuda Shorts Suitable for Beach Party, Travel and Leisure with£¨Light Gray-L£©",X001X51QOD,AN-4006-Light Gray-L-CD-DE,B0CPQ13MD7,New,--,,GBP,28.99,0,0,0,0,0,0,0,0,0,0,0,0,Amazon,,,,,,0.1406 ft3
GB,Anelune Mens Linen Shorts Casual Classic Fit Cotton Summer Beach Short Mens Sports Shorts Holiday Essentials for Men and Drawstring with Elastic Waist and Pockets£¨Khaki-3XL£©,X001X55N01,AN-4006-Khaki-3XL-CD-DE,B0CPQ1MNH4,New,--,,GBP,28.99,0,0,0,0,0,0,0,0,0,0,0,0,Amazon,,,,,,0.1406 ft3
GB,"Anelune Mens Summer Shorts with Pockets Casual Elasticated Waist Jogger Shorts - Men's Linen Bermuda Shorts Suitable for Beach Party, Travel and Leisure with£¨Light Blue-XL£©",X001X4VJJ1,AN-4006-Light Blue-XL-CD-DE,B0CPPWYNXM,New,--,,GBP,28.99,0,0,0,0,0,0,0,0,0,0,0,0,Amazon,,,,,,0.1406 ft3
GB,Anelune Womens Chifffon Blouses Elegant V Neck Rolled-up Short Sleeves Loose Shirts Summer Casual Ladies Tops Black,X001X51Z67,AN-113-Black-S-CD-DE,B0CPQ2WN17,New,--,,GBP,31.19,0,0,0,0,0,0,0,0,0,0,0,0,Amazon,,,,,,0.0236 ft3
GB,Anelune Mens Linen Shorts Casual Classic Fit Cotton Summer Beach Short Mens Sports Shorts Holiday Essentials for Men and Drawstring with Elastic Waist and Pockets£¨Black-XL£©,X001X4VJQT,AN-4006-Black-XL-CD-DE,B0CPQ13ZMF,New,--,,GBP,28.99,0,0,0,0,0,0,0,0,0,0,0,0,Amazon,,,,,,0.1406 ft3
GB,ANELUNE Women's Casual Dress Long Sleeve Round Neck Maxi Size Dress Gorgeous Loose Long Dresses with Pockets Black,X001XFXCTP,AN1004-Long sleeve Black-M-2,B0CPT278V4,New,--,,GBP,36.99,0,0,0,0,0,0,0,0,0,0,0,0,Amazon,,,,,,0.0659 ft3
GB,ANELUNE Women's Casual Dress Long Sleeve Round Neck Maxi Size Dress Gorgeous Loose Long Dresses with Pockets Dark Green,X001XFXEIT,AN1004-Long sleeve Dark green-S-2,B0CPT41JYW,New,--,,GBP,36.99,0,0,0,0,0,0,0,0,0,0,0,0,Amazon,,,,,,0.0659 ft3
GB,Anelune Womens Chifffon Blouses Elegant V Neck Rolled-up Short Sleeves Loose Shirts Summer Casual Ladies Tops,X001X51YFT,AN-113-Flower Wine Red-L-CD-DE,B0CPPZC8N9,New,--,,GBP,31.19,0,0,0,0,0,0,0,0,0,0,0,0,Amazon,,,,,,0.0236 ft3
GB,Anelune Mens Linen Shorts Casual Classic Fit Cotton Summer Beach Short Mens Sports Shorts Holiday Essentials for Men and Drawstring with Elastic Waist and Pockets£¨Navy Blue-M£©,X001X51M0L,AN-4006-Navy Blue-M-CD-DE,B0CPQ2JQN7,New,--,,GBP,28.99,0,0,0,0,0,0,0,0,0,0,0,0,Amazon,,,,,,0.1406 ft3
GB,Anelune Womens Chifffon Blouses Elegant V Neck Rolled-up Short Sleeves Loose Shirts Summer Casual Ladies Tops Wine Red,X001X51YE5,AN-113-Wine Red-XL-CD-DE,B0CPQ2SBT7,New,--,,GBP,31.19,0,0,0,0,0,0,0,0,0,0,0,0,Amazon,,,,,,0.0236 ft3
GB,ANELUNE Women's Casual Dress Long Sleeve Round Neck Maxi Size Dress Gorgeous Loose Long Dresses with Pockets Dark Green,X001XFXELB,AN1004-Long sleeve Dark green-L,B0CPT2ZG34,New,--,,GBP,36.99,0,0,0,0,0,0,0,0,0,0,0,0,Amazon,,,,,,0.0659 ft3
GB,Anelune Womens Chifffon Blouses Elegant V Neck Rolled-up Short Sleeves Loose Shirts Summer Casual Ladies Tops,X001X55RIT,AN-113-SX F Navy Blue-L-CD-DE,B0CPQ2699W,New,--,,GBP,31.19,0,0,0,0,0,0,0,0,0,0,0,0,Amazon,,,,,,0.0236 ft3
GB,Anelune Womens Chifffon Blouses Elegant V Neck Rolled-up Short Sleeves Loose Shirts Summer Casual Ladies Tops,X001X57H4B,AN-113-MM F Red-M-CD-DE,B0CPPY9V5D,New,--,,GBP,31.19,0,0,0,0,0,0,0,0,0,0,0,0,Amazon,,,,,,0.0236 ft3
GB,"Anelune Mens Summer Shorts with Pockets Casual Elasticated Waist Jogger Shorts - Men's Linen Bermuda Shorts Suitable for Beach Party, Travel and Leisure with£¨Amry Green-L£©",X001X51QKH,AN-4006- Amry Green-L-CD-DE,B0CPPYSCXV,New,--,,GBP,28.99,0,0,0,0,0,0,0,0,0,0,0,0,Amazon,,,,,,0.1406 ft3
GB,Anelune Womens Chifffon Blouses Elegant V Neck Rolled-up Short Sleeves Loose Shirts Summer Casual Ladies Tops Black,X001X57N3V,AN-113-Black-L-CD-DE,B0CPQ1N92X,New,--,,GBP,31.19,0,0,0,0,0,0,0,0,0,0,0,0,Amazon,,,,,,0.0236 ft3
GB,Anelune Mens Linen Shorts Casual Classic Fit Cotton Summer Beach Short Mens Sports Shorts Holiday Essentials for Men and Drawstring with Elastic Waist and Pockets£¨Black-M£©,X001X09ION,AN-4006-Black-M-CD-DE,B0CP8S9CCK,New,--,,GBP,28.99,0,0,0,0,0,0,0,0,0,0,0,0,Amazon,,,,,,0.1406 ft3
GB,Anelune Womens Chifffon Blouses Elegant V Neck Rolled-up Short Sleeves Loose Shirts Summer Casual Ladies Tops Dark Green,X001X55S3D,AN-113-Dark Green-M-CD-DE,B0CPQ2TYZN,New,--,,GBP,31.19,0,0,0,0,0,0,0,0,0,0,0,0,Amazon,,,,,,0.0236 ft3
GB,Anelune Mens Linen Shorts Casual Classic Fit Cotton Summer Beach Short Mens Sports Shorts Holiday Essentials for Men and Drawstring with Elastic Waist and Pockets£¨White-2XL£©,X001X55MVV,AN-4006-White-2XL-CD-DE,B0CPQ1ZV94,New,--,,GBP,28.99,0,0,0,0,0,0,0,0,0,0,0,0,Amazon,,,,,,0.1406 ft3
GB,Anelune Womens Chifffon Blouses Elegant V Neck Rolled-up Short Sleeves Loose Shirts Summer Casual Ladies Tops Black,X001X55RM5,AN-113-Black-XL-CD-DE,B0CPQ1RZTZ,New,--,,GBP,31.19,0,0,0,0,0,0,0,0,0,0,0,0,Amazon,,,,,,0.0236 ft3
GB,"Anelune Mens Summer Shorts with Pockets Casual Elasticated Waist Jogger Shorts - Men's Linen Bermuda Shorts Suitable for Beach Party, Travel and Leisure with£¨Amry Green-XL£©",X001X55MUH,AN-4006- Amry Green-XL-CD-DE,B0CPPZBBZ6,New,--,,GBP,28.99,0,0,0,0,0,0,0,0,0,0,0,0,Amazon,,,,,,0.1406 ft3
GB,Anelune Womens Chifffon Blouses Elegant V Neck Rolled-up Short Sleeves Loose Shirts Summer Casual Ladies Tops,X001X51Z2L,AN-113-Floral White-S-CD-DE,B0CPQ1CSW4,New,--,,GBP,31.19,0,0,0,0,0,0,0,0,0,0,0,0,Amazon,,,,,,0.0236 ft3
GB,Anelune Womens Chifffon Blouses Elegant V Neck Rolled-up Short Sleeves Loose Shirts Summer Casual Ladies Tops Dark Green,X001X51YN1,AN-113-Dark Green-L-CD-DE,B0CPQ27PMB,New,--,,GBP,31.19,0,0,0,0,0,0,0,0,0,0,0,0,Amazon,,,,,,0.0236 ft3
GB,Anelune Womens Chifffon Blouses Elegant V Neck Rolled-up Short Sleeves Loose Shirts Summer Casual Ladies Tops Wine Red,X001X51YRR,AN-113-Wine Red-S-CD-DE,B0CPQ1KN4F,New,--,,GBP,31.19,0,0,0,0,0,0,0,0,0,0,0,0,Amazon,,,,,,0.0236 ft3
GB,Anelune Mens Linen Shorts Casual Classic Fit Cotton Summer Beach Short Mens Sports Shorts Holiday Essentials for Men and Drawstring with Elastic Waist and Pockets£¨Navy Blue-2XL£©,X001X4VJM3,AN-4006-Navy Blue-2XL-CD-DE,B0CPQ28CQ5,New,--,,GBP,28.99,0,0,0,0,0,0,0,0,0,0,0,0,Amazon,,,,,,0.1406 ft3
GB,Anelune Mens Linen Shorts Casual Classic Fit Cotton Summer Beach Short Mens Sports Shorts Holiday Essentials for Men and Drawstring with Elastic Waist and Pockets£¨White-L£©,X001X4VJG9,AN-4006-White-L-CD-DE,B0CPQ2F2T6,New,--,,GBP,28.99,0,0,0,0,0,0,0,0,0,0,0,0,Amazon,,,,,,0.1406 ft3
GB,"Anelune Mens Summer Shorts with Pockets Casual Elasticated Waist Jogger Shorts - Men's Linen Bermuda Shorts Suitable for Beach Party, Travel and Leisure with£¨Light Gray-XL£©",X001X51M29,AN-4006-Light Gray-XL-CD-DE,B0CPPZ9RGX,New,--,,GBP,28.99,0,0,0,0,0,0,0,0,0,0,0,0,Amazon,,,,,,0.1406 ft3
GB,Anelune Mens Linen Shorts Casual Classic Fit Cotton Summer Beach Short Mens Sports Shorts Holiday Essentials for Men and Drawstring with Elastic Waist and Pockets£¨Khaki-XL£©,X001X51LZR,AN-4006-Khaki-XL-CD-DE,B0CPPY3SNS,New,--,,GBP,28.99,0,0,0,0,0,0,0,0,0,0,0,0,Amazon,,,,,,0.1406 ft3
GB,ANELUNE Women's Casual Dress Long Sleeve Round Neck Maxi Size Dress Gorgeous Loose Long Dresses with Pockets Navy Blue,X001XFXEHP,AN1004-Long sleeve Navy blue-L,B0CPT2THVW,New,--,,GBP,36.99,0,0,0,0,0,0,0,0,0,0,0,0,Amazon,,,,,,0.0659 ft3
GB,"Anelune Mens Summer Shorts with Pockets Casual Elasticated Waist Jogger Shorts - Men's Linen Bermuda Shorts Suitable for Beach Party, Travel and Leisure with£¨Light Blue-M£©",X001X4VJNR,AN-4006-Light Blue-M-CD-DE,B0CPPZ4DBH,New,--,,GBP,28.99,0,0,0,0,0,0,0,0,0,0,0,0,Amazon,,,,,,0.1406 ft3
GB,Anelune Womens Chifffon Blouses Elegant V Neck Rolled-up Short Sleeves Loose Shirts Summer Casual Ladies Tops,X001X4VLOT,AN-113-SX F Navy Blue-S-CD-DE,B0CPQ28BF8,New,--,,GBP,31.19,0,0,0,0,0,0,0,0,0,0,0,0,Amazon,,,,,,0.0236 ft3
GB,"Anelune Mens Summer Shorts with Pockets Casual Elasticated Waist Jogger Shorts - Men's Linen Bermuda Shorts Suitable for Beach Party, Travel and Leisure with£¨Amry Green-2XL£©",X001X4VKCH,AN-4006- Amry Green-2XL-CD-DE,B0CPQ2K57C,New,--,,GBP,28.99,0,0,0,0,0,0,0,0,0,0,0,0,Amazon,,,,,,0.1406 ft3
GB,Anelune Womens Chifffon Blouses Elegant V Neck Rolled-up Short Sleeves Loose Shirts Summer Casual Ladies Tops Dark Green,X001X51YLX,AN-113-Dark Green-2XL-CD-DE,B0CPQ2SY6P,New,--,,GBP,31.19,0,0,0,0,0,0,0,0,0,0,0,0,Amazon,,,,,,0.0236 ft3
GB,"Anelune Mens Summer Shorts with Pockets Casual Elasticated Waist Jogger Shorts - Men's Linen Bermuda Shorts Suitable for Beach Party, Travel and Leisure with£¨Light Gray-M£©",X001X51M7T,AN-4006-Light Gray-M-CD-DE,B0CPQ111DH,New,--,,GBP,28.99,0,0,0,0,0,0,0,0,0,0,0,0,Amazon,,,,,,0.1406 ft3
GB,ANELUNE Women's Casual Dress Long Sleeve Round Neck Maxi Size Dress Gorgeous Loose Long Dresses with Pockets Dark Green,X001XFXEN9,AN1004-Long sleeve Dark green-XXL,B0CPT34DKL,New,--,,GBP,36.99,0,0,0,0,0,0,0,0,0,0,0,0,Amazon,,,,,,0.0659 ft3
GB,Anelune Womens Chifffon Blouses Elegant V Neck Rolled-up Short Sleeves Loose Shirts Summer Casual Ladies Tops,X001X4SIPT,AN-113-SX F Navy Blue-2XL-CD-DE,B0CPQ25GR5,New,--,,GBP,31.19,0,0,0,0,0,0,0,0,0,0,0,0,Amazon,,,,,,0.0236 ft3
GB,Anelune Womens Chifffon Blouses Elegant V Neck Rolled-up Short Sleeves Loose Shirts Summer Casual Ladies Tops Wine Red,X001X57HMN,AN-113-Wine Red-L-CD-DE,B0CPQ22V6H,New,--,,GBP,31.19,0,0,0,0,0,0,0,0,0,0,0,0,Amazon,,,,,,0.0236 ft3
GB,Anelune Womens Chifffon Blouses Elegant V Neck Rolled-up Short Sleeves Loose Shirts Summer Casual Ladies Tops,X001X55RDT,AN-113-Flower Wine Red-XL-CD-DE,B0CPQ3758B,New,--,,GBP,31.19,0,0,0,0,0,0,0,0,0,0,0,0,Amazon,,,,,,0.0236 ft3
GB,Anelune Mens Linen Shorts Casual Classic Fit Cotton Summer Beach Short Mens Sports Shorts Holiday Essentials for Men and Drawstring with Elastic Waist and Pockets£¨Dark Khaki-M£©,X001X51LTX,AN-4006-Dark Khaki-M-CD-DE,B0CPPYNJN9,New,--,,GBP,28.99,0,0,0,0,0,0,0,0,0,0,0,0,Amazon,,,,,,0.1406 ft3
GB,Anelune Mens Linen Shorts Casual Classic Fit Cotton Summer Beach Short Mens Sports Shorts Holiday Essentials for Men and Drawstring with Elastic Waist and Pockets£¨Khaki-M£©,X001X51QN9,AN-4006-Khaki-M-CD-DE,B0CPQ1GS9M,New,--,,GBP,28.99,0,0,0,0,0,0,0,0,0,0,0,0,Amazon,,,,,,0.1406 ft3
GB,Anelune Womens Chifffon Blouses Elegant V Neck Rolled-up Short Sleeves Loose Shirts Summer Casual Ladies Tops,X001X55RJX,AN-113-Flower Wine Red-2XL-CD-DE,B0CPQ2MW7F,New,--,,GBP,31.19,0,0,0,0,0,0,0,0,0,0,0,0,Amazon,,,,,,0.0236 ft3
GB,Anelune Womens Chifffon Blouses Elegant V Neck Rolled-up Short Sleeves Loose Shirts Summer Casual Ladies Tops Royal Blue,X001X57MZP,AN-113-Royal Blue-M-CD-DE,B0CPQ2FB61,New,--,,GBP,31.19,0,0,0,0,0,0,0,0,0,0,0,0,Amazon,,,,,,0.0236 ft3
GB,Anelune Womens Chifffon Blouses Elegant V Neck Rolled-up Short Sleeves Loose Shirts Summer Casual Ladies Tops,X001X4SITZ,AN-113-SX F Navy Blue-XL-CD-DE,B0CPQ16BGW,New,--,,GBP,31.19,0,0,0,0,0,0,0,0,0,0,0,0,Amazon,,,,,,0.0236 ft3
GB,Anelune Mens Linen Shorts Casual Classic Fit Cotton Summer Beach Short Mens Sports Shorts Holiday Essentials for Men and Drawstring with Elastic Waist and Pockets£¨Khaki-2XL£©,X001X4VJK5,AN-4006-Khaki-2XL-CD-DE,B0CPPYCLVG,New,--,,GBP,28.99,0,0,0,0,0,0,0,0,0,0,0,0,Amazon,,,,,,0.1406 ft3
GB,Anelune Womens Chifffon Blouses Elegant V Neck Rolled-up Short Sleeves Loose Shirts Summer Casual Ladies Tops,X001X55S65,AN-113-SX F Navy Blue-M-CD-DE,B0CPQ2PY83,New,--,,GBP,31.19,0,0,0,0,0,0,0,0,0,0,0,0,Amazon,,,,,,0.0236 ft3
GB,"Anelune Mens Summer Shorts with Pockets Casual Elasticated Waist Jogger Shorts - Men's Linen Bermuda Shorts Suitable for Beach Party, Travel and Leisure with£¨Amry Green-3XL£©",X001X4VJOL,AN-4006- Amry Green-3XL-CD-DE,B0CPQ1F17C,New,--,,GBP,28.99,0,0,0,0,0,0,0,0,0,0,0,0,Amazon,,,,,,0.1406 ft3
GB,"Anelune Mens Summer Shorts with Pockets Casual Elasticated Waist Jogger Shorts - Men's Linen Bermuda Shorts Suitable for Beach Party, Travel and Leisure with£¨Light Blue-L£©",X001X4VJMN,AN-4006-Light Blue-L-CD-DE,B0CPQ1DWGD,New,--,,GBP,28.99,0,0,0,0,0,0,0,0,0,0,0,0,Amazon,,,,,,0.1406 ft3
GB,Anelune Womens Chifffon Blouses Elegant V Neck Rolled-up Short Sleeves Loose Shirts Summer Casual Ladies Tops,X001X55RUR,AN-113-Floral White-2XL-CD-DE,B0CPQ2C66S,New,--,,GBP,31.19,0,0,0,0,0,0,0,0,0,0,0,0,Amazon,,,,,,0.0236 ft3
GB,"Anelune Mens Summer Shorts with Pockets Casual Elasticated Waist Jogger Shorts - Men's Linen Bermuda Shorts Suitable for Beach Party, Travel and Leisure with£¨Light Blue-3XL£©",X001X51QO3,AN-4006-Light Blue-3XL-CD-DE,B0CPQ1NY7Y,New,--,,GBP,28.99,0,0,0,0,0,0,0,0,0,0,0,0,Amazon,,,,,,0.1406 ft3
GB,Anelune Mens Linen Shorts Casual Classic Fit Cotton Summer Beach Short Mens Sports Shorts Holiday Essentials for Men and Drawstring with Elastic Waist and Pockets£¨Black-L£©,X001X51LV1,AN-4006-Black-L-CD-DE,B0CPPZL7F3,New,--,,GBP,28.99,0,0,0,0,0,0,0,0,0,0,0,0,Amazon,,,,,,0.1406 ft3
GB,Anelune Womens Chifffon Blouses Elegant V Neck Rolled-up Short Sleeves Loose Shirts Summer Casual Ladies Tops,X001X57N31,AN-113-MM F Red-S-CD-DE,B0CPQ2C214,New,--,,GBP,31.19,0,0,0,0,0,0,0,0,0,0,0,0,Amazon,,,,,,0.0236 ft3
GB,Anelune Mens Linen Shorts Casual Classic Fit Cotton Summer Beach Short Mens Sports Shorts Holiday Essentials for Men and Drawstring with Elastic Waist and Pockets£¨Navy Blue-3XL£©,X001X51QKR,AN-4006-Navy Blue-3XL-CD-DE,B0CPQ19RXF,New,--,,GBP,28.99,0,0,0,0,0,0,0,0,0,0,0,0,Amazon,,,,,,0.1406 ft3
GB,ANELUNE Women's Casual Dress Long Sleeve Round Neck Maxi Size Dress Gorgeous Loose Long Dresses with Pockets Black,X001XFXCO5,AN1004-Long sleeve Black-XXL,B0CPT4FJ1N,New,--,,GBP,36.99,0,0,0,0,0,0,0,0,0,0,0,0,Amazon,,,,,,0.0659 ft3
GB,Anelune Womens Chifffon Blouses Elegant V Neck Rolled-up Short Sleeves Loose Shirts Summer Casual Ladies Tops Royal Blue,X001X57HKZ,AN-113-Royal Blue-2XL-CD-DE,B0CPQ271N3,New,--,,GBP,31.19,0,0,0,0,0,0,0,0,0,0,0,0,Amazon,,,,,,0.0236 ft3
GB,Anelune Mens Linen Shorts Casual Classic Fit Cotton Summer Beach Short Mens Sports Shorts Holiday Essentials for Men and Drawstring with Elastic Waist and Pockets£¨Khaki-S£©,X001X55MRP,AN-4006-Khaki-S-CD-DE,B0CPQ2J9H4,New,--,,GBP,28.99,0,0,0,0,0,0,0,0,0,0,0,0,Amazon,,,,,,0.1406 ft3
GB,Anelune Womens Chifffon Blouses Elegant V Neck Rolled-up Short Sleeves Loose Shirts Summer Casual Ladies Tops Wine Red,X001X57MFZ,AN-113-Wine Red-2XL-CD-DE,B0CPQ2NC8V,New,--,,GBP,31.19,0,0,0,0,0,0,0,0,0,0,0,0,Amazon,,,,,,0.0236 ft3
GB,"Anelune Mens Summer Shorts with Pockets Casual Elasticated Waist Jogger Shorts - Men's Linen Bermuda Shorts Suitable for Beach Party, Travel and Leisure with£¨Light Gray-S£©",X001X51QIT,AN-4006-Light Gray-S-CD-DE,B0CPPXD7MC,New,--,,GBP,28.99,0,0,0,0,0,0,0,0,0,0,0,0,Amazon,,,,,,0.1406 ft3
GB,Anelune Womens Chifffon Blouses Elegant V Neck Rolled-up Short Sleeves Loose Shirts Summer Casual Ladies Tops Wine Red,X001X4SIFT,AN-113-Wine Red-M-CD-DE,B0CPQ23PXX,New,--,,GBP,31.19,0,0,0,0,0,0,0,0,0,0,0,0,Amazon,,,,,,0.0236 ft3
GB,Anelune Womens Chifffon Blouses Elegant V Neck Rolled-up Short Sleeves Loose Shirts Summer Casual Ladies Tops,X001X4VLSZ,AN-113-Flower Wine Red-M-CD-DE,B0CPQ42D9D,New,--,,GBP,31.19,0,0,0,0,0,0,0,0,0,0,0,0,Amazon,,,,,,0.0236 ft3
GB,Anelune Mens Linen Shorts Casual Classic Fit Cotton Summer Beach Short Mens Sports Shorts Holiday Essentials for Men and Drawstring with Elastic Waist and Pockets£¨White-XL£©,X001X4VJS7,AN-4006-White-XL-CD-DE,B0CPQ19XZ8,New,--,,GBP,28.99,0,0,0,0,0,0,0,0,0,0,0,0,Amazon,,,,,,0.1406 ft3
GB,"Anelune Mens Summer Shorts with Pockets Casual Elasticated Waist Jogger Shorts - Men's Linen Bermuda Shorts Suitable for Beach Party, Travel and Leisure with£¨Amry Green-M£©",X001X51M97,AN-4006- Amry Green-M-CD-DE,B0CPQ2BZDL,New,--,,GBP,28.99,0,0,0,0,0,0,0,0,0,0,0,0,Amazon,,,,,,0.1406 ft3
GB,Anelune Mens Linen Shorts Casual Classic Fit Cotton Summer Beach Short Mens Sports Shorts Holiday Essentials for Men and Drawstring with Elastic Waist and Pockets£¨Navy Blue-L£©,X001X51QJ3,AN-4006-Navy Blue-L-CD-DE,B0CPQ1GYH7,New,--,,GBP,28.99,0,0,0,0,0,0,0,0,0,0,0,0,Amazon,,,,,,0.1406 ft3
GB,Anelune Womens Chifffon Blouses Elegant V Neck Rolled-up Short Sleeves Loose Shirts Summer Casual Ladies Tops Dark Green,X001X51YK9,AN-113-Dark Green-S-CD-DE,B0CPQ1ZM6K,New,--,,GBP,31.19,0,0,0,0,0,0,0,0,0,0,0,0,Amazon,,,,,,0.0236 ft3
GB,Anelune Womens Chifffon Blouses Elegant V Neck Rolled-up Short Sleeves Loose Shirts Summer Casual Ladies Tops Black,X001X57Q8N,AN-113-Black-2XL-CD-DE,B0CPQ1JGTG,New,--,,GBP,31.19,0,0,0,0,0,0,0,0,0,0,0,0,Amazon,,,,,,0.0236 ft3
GB,ANELUNE Women's Casual Dress Long Sleeve Round Neck Maxi Size Dress Gorgeous Loose Long Dresses with Pockets Black,X001XFVOEP,AN1004-Long sleeve Black-XL,B0CPT1H2CV,New,--,,GBP,36.99,0,0,0,0,0,0,0,0,0,0,0,0,Amazon,,,,,,0.0659 ft3
GB,Anelune Womens Chifffon Blouses Elegant V Neck Rolled-up Short Sleeves Loose Shirts Summer Casual Ladies Tops Dark Green,X001X57Q83,AN-113-Dark Green-XL-CD-DE,B0CPQ35867,New,--,,GBP,31.19,0,0,0,0,0,0,0,0,0,0,0,0,Amazon,,,,,,0.0236 ft3
GB,Anelune Mens Linen Shorts Casual Classic Fit Cotton Summer Beach Short Mens Sports Shorts Holiday Essentials for Men and Drawstring with Elastic Waist and Pockets£¨Khaki-L£©,X001X51QH5,AN-4006-Khaki-L-CD-DE,B0CPQ2QZV9,New,--,,GBP,28.99,0,0,0,0,0,0,0,0,0,0,0,0,Amazon,,,,,,0.1406 ft3
GB,Anelune Womens Chifffon Blouses Elegant V Neck Rolled-up Short Sleeves Loose Shirts Summer Casual Ladies Tops,X001X51ZHV,AN-113-Floral White-XL-CD-DE,B0CPPY7JMY,New,--,,GBP,31.19,0,0,0,0,0,0,0,0,0,0,0,0,Amazon,,,,,,0.0236 ft3
GB,"Anelune Mens Summer Shorts with Pockets Casual Elasticated Waist Jogger Shorts - Men's Linen Bermuda Shorts Suitable for Beach Party, Travel and Leisure with£¨Amry Green-S£©",X001X51QM5,AN-4006- Amry Green-S-CD-DE,B0CPQ1K414,New,--,,GBP,28.99,0,0,0,0,0,0,0,0,0,0,0,0,Amazon,,,,,,0.1406 ft3
GB,Anelune Womens Chifffon Blouses Elegant V Neck Rolled-up Short Sleeves Loose Shirts Summer Casual Ladies Tops Black,X001X55RR5,AN-113-Black-M-CD-DE,B0CPPZ5SSQ,New,--,,GBP,31.19,0,0,0,0,0,0,0,0,0,0,0,0,Amazon,,,,,,0.0236 ft3
GB,Anelune Mens Linen Shorts Casual Classic Fit Cotton Summer Beach Short Mens Sports Shorts Holiday Essentials for Men and Drawstring with Elastic Waist and Pockets£¨Dark Khaki-2XL£©,X001X51LRP,AN-4006-Dark Khaki-2XL-CD-DE,B0CPPZXYQM,New,--,,GBP,28.99,0,0,0,0,0,0,0,0,0,0,0,0,Amazon,,,,,,0.1406 ft3
GB,Anelune Womens Chifffon Blouses Elegant V Neck Rolled-up Short Sleeves Loose Shirts Summer Casual Ladies Tops Royal Blue,X001X57M7N,AN-113-Royal Blue-S-CD-DE,B0CPQ28SC5,New,--,,GBP,31.19,0,0,0,0,0,0,0,0,0,0,0,0,Amazon,,,,,,0.0236 ft3
GB,Anelune Mens Linen Shorts Casual Classic Fit Cotton Summer Beach Short Mens Sports Shorts Holiday Essentials for Men and Drawstring with Elastic Waist and Pockets£¨Black-2XL£©,X001X4VJMX,AN-4006-Black-2XL-CD-DE,B0CPPZM3KT,New,--,,GBP,28.99,0,0,0,0,0,0,0,0,0,0,0,0,Amazon,,,,,,0.1406 ft3
GB,Anelune Mens Linen Shorts Casual Classic Fit Cotton Summer Beach Short Mens Sports Shorts Holiday Essentials for Men and Drawstring with Elastic Waist and Pockets£¨White-3XL£©,X001X51LZH,AN-4006-White-3XL-CD-DE,B0CPQ1N4MT,New,--,,GBP,28.99,0,0,0,0,0,0,0,0,0,0,0,0,Amazon,,,,,,0.1406 ft3
GB,Anelune Mens Linen Shorts Casual Classic Fit Cotton Summer Beach Short Mens Sports Shorts Holiday Essentials for Men and Drawstring with Elastic Waist and Pockets£¨Black-3XL£©,X001X4VJNH,AN-4006-Black-3XL-CD-DE,B0CPPZDVJ5,New,--,,GBP,28.99,0,0,0,0,0,0,0,0,0,0,0,0,Amazon,,,,,,0.1406 ft3
GB,Anelune Womens Chifffon Blouses Elegant V Neck Rolled-up Short Sleeves Loose Shirts Summer Casual Ladies Tops,X001X4SJ1H,AN-113-MM F Red-2XL-CD-DE,B0CPQ1JBJS,New,--,,GBP,31.19,0,0,0,0,0,0,0,0,0,0,0,0,Amazon,,,,,,0.0236 ft3
GB,"Anelune Mens Summer Shorts with Pockets Casual Elasticated Waist Jogger Shorts - Men's Linen Bermuda Shorts Suitable for Beach Party, Travel and Leisure with£¨Light Gray-2XL£©",X001X51LWZ,AN-4006-Light Gray-2XL-CD-DE,B0CPPZ4DBL,New,--,,GBP,28.99,0,0,0,0,0,0,0,0,0,0,0,0,Amazon,,,,,,0.1406 ft3
GB,Anelune Mens Linen Shorts Casual Classic Fit Cotton Summer Beach Short Mens Sports Shorts Holiday Essentials for Men and Drawstring with Elastic Waist and Pockets£¨Dark Khaki-XL£©,X001X51M5L,AN-4006-Dark Khaki-XL-CD-DE,B0CPQ2MHN8,New,--,,GBP,28.99,0,0,0,0,0,0,0,0,0,0,0,0,Amazon,,,,,,0.1406 ft3
GB,Anelune Mens Linen Shorts Casual Classic Fit Cotton Summer Beach Short Mens Sports Shorts Holiday Essentials for Men and Drawstring with Elastic Waist and Pockets£¨Dark Khaki-3XL£©,X001X51QLV,AN-4006-Dark Khaki-3XL-CD-DE,B0CPPZKPF3,New,--,,GBP,28.99,0,0,0,0,0,0,0,0,0,0,0,0,Amazon,,,,,,0.1406 ft3
GB,Anelune Mens Linen Shorts Casual Classic Fit Cotton Summer Beach Short Mens Sports Shorts Holiday Essentials for Men and Drawstring with Elastic Waist and Pockets£¨Black-S£©,X001X09IOD,AN-4006-Black-S-CD-DE,B0CP8S8H8J,New,--,,GBP,28.99,0,0,0,0,0,0,0,0,0,0,0,0,Amazon,,,,,,0.1406 ft3
GB,"Anelune Mens Summer Shorts with Pockets Casual Elasticated Waist Jogger Shorts - Men's Linen Bermuda Shorts Suitable for Beach Party, Travel and Leisure with£¨Light Blue-2XL£©",X001X4VJP5,AN-4006-Light Blue-2XL-CD-DE,B0CPPYX7FK,New,--,,GBP,28.99,0,0,0,0,0,0,0,0,0,0,0,0,Amazon,,,,,,0.1406 ft3
GB,Anelune Womens Chifffon Blouses Elegant V Neck Rolled-up Short Sleeves Loose Shirts Summer Casual Ladies Tops,X001X57N1D,AN-113-Floral White-M-CD-DE,B0CPQ1DBGM,New,--,,GBP,31.19,0,0,0,0,0,0,0,0,0,0,0,0,Amazon,,,,,,0.0236 ft3
GB,ANELUNE Women's Casual Dress Long Sleeve Round Neck Maxi Size Dress Gorgeous Loose Long Dresses with Pockets Black,X001XFXEL1,AN1004-Long sleeve Black-S-2,B0CPT27MKC,New,--,,GBP,36.99,0,0,0,0,0,0,0,0,0,0,0,0,Amazon,,,,,,0.0659 ft3
GB,Anelune Mens Linen Shorts Casual Classic Fit Cotton Summer Beach Short Mens Sports Shorts Holiday Essentials for Men and Drawstring with Elastic Waist and Pockets£¨White-S£©,X001X51M3N,AN-4006-White-S-CD-DE,B0CPQ19VCD,New,--,,GBP,28.99,0,0,0,0,0,0,0,0,0,0,0,0,Amazon,,,,,,0.1406 ft3
GB,ANELUNE Women's Casual Dress Long Sleeve Round Neck Maxi Size Dress Gorgeous Loose Long Dresses with Pockets Dark Green,X001XFXB7D,AN1004-Long sleeve Dark green-XL,B0CPT42MPC,New,--,,GBP,36.99,0,0,0,0,0,0,0,0,0,0,0,0,Amazon,,,,,,0.0659 ft3
GB,Anelune Mens Linen Shorts Casual Classic Fit Cotton Summer Beach Short Mens Sports Shorts Holiday Essentials for Men and Drawstring with Elastic Waist and Pockets£¨Dark Khaki-L£©,X001X51QI9,AN-4006-Dark Khaki-L-CD-DE,B0CPPYFQ8T,New,--,,GBP,28.99,0,0,0,0,0,0,0,0,0,0,0,0,Amazon,,,,,,0.1406 ft3
GB,ANELUNE Women's Casual Dress Long Sleeve Round Neck Maxi Size Dress Gorgeous Loose Long Dresses with Pockets Black,X001XFVODB,AN1004-Long sleeve Black-L,B0CPT1N4JG,New,--,,GBP,36.99,0,0,0,0,0,0,0,0,0,0,0,0,Amazon,,,,,,0.0659 ft3
GB,Anelune Womens Chifffon Blouses Elegant V Neck Rolled-up Short Sleeves Loose Shirts Summer Casual Ladies Tops,X001X4SIJF,AN-113-Floral White-L-CD-DE,B0CPQ22886,New,--,,GBP,31.19,0,0,0,0,0,0,0,0,0,0,0,0,Amazon,,,,,,0.0236 ft3
GB,"Anelune Mens Summer Shorts with Pockets Casual Elasticated Waist Jogger Shorts - Men's Linen Bermuda Shorts Suitable for Beach Party, Travel and Leisure with£¨Light Blue-S£©",X001X51QGL,AN-4006-Light Blue-S-CD-DE,B0CPQ1D7MJ,New,--,,GBP,28.99,0,0,0,0,0,0,0,0,0,0,0,0,Amazon,,,,,,0.1406 ft3
GB,Anelune Womens Chifffon Blouses Elegant V Neck Rolled-up Short Sleeves Loose Shirts Summer Casual Ladies Tops,X001X55RRZ,AN-113-MM F Red-L-CD-DE,B0CPQ645GF,New,--,,GBP,31.19,0,0,0,0,0,0,0,0,0,0,0,0,Amazon,,,,,,0.0236 ft3
GB,Anelune Womens Chifffon Blouses Elegant V Neck Rolled-up Short Sleeves Loose Shirts Summer Casual Ladies Tops Royal Blue,X001X55Y1T,AN-113-Royal Blue-L-CD-DE,B0CPQ3H856,New,--,,GBP,31.19,0,0,0,0,0,0,0,0,0,0,0,0,Amazon,,,,,,0.0236 ft3
GB,Anelune Mens Linen Shorts Casual Classic Fit Cotton Summer Beach Short Mens Sports Shorts Holiday Essentials for Men and Drawstring with Elastic Waist and Pockets£¨Dark Khaki-S£©,X001X51M83,AN-4006-Dark Khaki-S-CD-DE,B0CPQ2TRMC,New,--,,GBP,28.99,0,0,0,0,0,0,0,0,0,0,0,0,Amazon,,,,,,0.1406 ft3
GB,Anelune Mens Linen Shorts Casual Classic Fit Cotton Summer Beach Short Mens Sports Shorts Holiday Essentials for Men and Drawstring with Elastic Waist and Pockets£¨Navy Blue-XL£©,X001X4VJKZ,AN-4006-Navy Blue-XL-CD-DE,B0CPPZ97HB,New,--,,GBP,28.99,0,0,0,0,0,0,0,0,0,0,0,0,Amazon,,,,,,0.1406 ft3
GB,"Anelune Mens Summer Shorts with Pockets Casual Elasticated Waist Jogger Shorts - Men's Linen Bermuda Shorts Suitable for Beach Party, Travel and Leisure with£¨Light Gray-3XL£©",X001X55MQ1,AN-4006-Light Gray-3XL-CD-DE,B0CPPZW91W,New,--,,GBP,28.99,0,0,0,0,0,0,0,0,0,0,0,0,Amazon,,,,,,0.1406 ft3
GB,Anelune Womens Chifffon Blouses Elegant V Neck Rolled-up Short Sleeves Loose Shirts Summer Casual Ladies Tops,X001X4SIUJ,AN-113-MM F Red-XL-CD-DE,B0CPQ3GX7S,New,--,,GBP,31.19,0,0,0,0,0,0,0,0,0,0,0,0,Amazon,,,,,,0.0236 ft3
GB,ANELUNE Women's Casual Dress Long Sleeve Round Neck Maxi Size Dress Gorgeous Loose Long Dresses with Pockets Dark Green,X001XFXB55,AN1004-Long sleeve Dark green-M-2,B0CPT38Q42,New,--,,GBP,36.99,0,0,0,0,0,0,0,0,0,0,0,0,Amazon,,,,,,0.0659 ft3
GB,Anelune Womens Chifffon Blouses Elegant V Neck Rolled-up Short Sleeves Loose Shirts Summer Casual Ladies Tops Royal Blue,X001X55RLV,AN-113-Royal Blue-XL-CD-DE,B0CPQ352XK,New,--,,GBP,31.19,0,0,0,0,0,0,0,0,0,0,0,0,Amazon,,,,,,0.0236 ft3
GB,Anelune Mens Linen Shorts Casual Classic Fit Cotton Summer Beach Short Mens Sports Shorts Holiday Essentials for Men and Drawstring with Elastic Waist and Pockets£¨White-M£©,X001X51QMF,AN-4006-White-M-CD-DE,B0CPPYSCXW,New,--,,GBP,28.99,0,0,0,0,0,0,0,0,0,0,0,0,Amazon,,,,,,0.1406 ft3
GB,Anelune Womens Chifffon Blouses Elegant V Neck Rolled-up Short Sleeves Loose Shirts Summer Casual Ladies Tops,X001X4SJ0D,AN-113-Flower Wine Red-S-CD-DE,B0CPPZZZ5B,New,--,,GBP,31.19,0,0,0,0,0,0,0,0,0,0,0,0,Amazon,,,,,,0.0236 ft3
GB,ANELUNE Women's Casual Dress Long Sleeve Round Neck Maxi Size Dress Gorgeous Loose Long Dresses with Pockets Navy Blue,X001XFXCOF,AN1004-Long sleeve Navy blue-M,B0CPSZQPKS,New,--,,GBP,36.99,0,0,0,0,0,0,0,0,0,0,0,0,Amazon,,,,,,0.0659 ft3
GB,Anelune Women's 2024 Summer Casual Flutter Short Sleeve Crew Neck Smocked Elastic Waist Tiered Midi Dress with Pockets(Wine Red-3XL),X001X79KLH,AN1008-Wine Red-3XL-CD-DE,B0CPY6KSQ9,New,--,,GBP,35.99,0,0,0,0,0,0,0,0,0,0,0,0,Amazon,,,,,,0.081 ft3
GB,Anelune Women's Short Sleeve Loose Plain Maxi Dresses Casual Long Dresses with Pockets(Floral White-L),X001X78V35,AN1008-Floral White-L-CD-DE,B0CPY6DCBS,New,--,,GBP,35.99,0,0,0,0,0,0,0,0,0,0,0,0,Amazon,,,,,,0.081 ft3
GB,Anelune Men's Luxury Casual Shirt Summery Henley Shirt T-Shirt Basic Casual Shirt for Everyday wear,X001XE8ZSJ,AN4076-BLack-XL-CD-DE-LW,B0CQM92SRX,New,--,,GBP,26.99,0,0,0,0,0,0,0,0,0,0,0,0,Amazon,,,,,,0.0222 ft3
GB,Anelune Women's 2024 Summer Casual Flutter Short Sleeve Crew Neck Smocked Elastic Waist Tiered Midi Dress with Pockets(Royal Blue-XL),X001X77VM7,AN1008-Royal Blue-XL-CD-DE,B0CPY7CSB7,New,--,,GBP,35.99,0,0,0,0,0,0,0,0,0,0,0,0,Amazon,,,,,,0.081 ft3
GB,Anelune Women's 2024 Summer Casual Flutter Short Sleeve Crew Neck Smocked Elastic Waist Tiered Midi Dress with Pockets(Floral Wine red-L),X001X76OP7,AN1008-Floral Wine red-L-CD-DE,B0CPY5QFK5,New,--,,GBP,35.99,0,0,0,0,0,0,0,0,0,0,0,0,Amazon,,,,,,0.081 ft3
GB,Anelune Men's Luxury Casual Shirt Summery Henley Shirt T-Shirt Basic Casual Shirt for Everyday wear,X001XE6XCT,AN4076-BLack-M-CD-DE-LW,B0CQM9TQ75,New,--,,GBP,26.99,0,0,0,0,0,0,0,0,0,0,0,0,Amazon,,,,,,0.0222 ft3
GB,Anelune Men's Luxury Casual Shirt Summery Henley Shirt T-Shirt Basic Casual Shirt for Everyday wear,X001XE570N,AN4076-Navy Blue-L-CD-DE-LW,B0CQM9CQ1H,New,--,,GBP,26.99,0,0,0,0,0,0,0,0,0,0,0,0,Amazon,,,,,,0.0222 ft3
GB,Anelune Women's Short Sleeve Loose Plain Maxi Dresses Casual Long Dresses with Pockets(Black-XL),X001X79KMB,AN1008-Black-XL-CD-DE,B0CPY6LMWN,New,--,,GBP,35.99,0,0,0,0,0,0,0,0,0,0,0,0,Amazon,,,,,,0.0925 ft3
GB,Anelune Women's 2024 Summer Casual Flutter Short Sleeve Crew Neck Smocked Elastic Waist Tiered Midi Dress with Pockets(Floral Wine red-2XL),X001X71VZZ,AN1008-Floral Wine red-2XL-CD-DE,B0CPY54GN8,New,--,,GBP,35.99,0,0,0,0,0,0,0,0,0,0,0,0,Amazon,,,,,,0.081 ft3
GB,Anelune Women's 2024 Summer Casual Flutter Short Sleeve Crew Neck Smocked Elastic Waist Tiered Midi Dress with Pockets(Wine Red-S),X001X71VRX,AN1008-Wine Red-S-CD-DE,B0CPY5P2NH,New,--,,GBP,35.99,0,0,0,0,0,0,0,0,0,0,0,0,Amazon,0,0,out_of_stock,,,0.081 ft3
GB,ANELUNE Women's Casual Dress Long Sleeve Round Neck Maxi Size Dress Gorgeous Loose Long Dresses with Pockets Wine Red,X001XFXB73,AN1004-Long sleeve Wine red-M-2,B0CPT3QX14,New,--,,GBP,36.99,0,0,0,0,0,0,0,0,0,0,0,0,Amazon,,,,,,0.0659 ft3
GB,ANELUNE Women's Casual Dress Long Sleeve Round Neck Maxi Size Dress Gorgeous Loose Long Dresses with Pockets White,X001XFVOG3,AN1004-Long sleeve White-L,B0CPT24SYY,New,--,,GBP,36.99,0,0,0,0,0,0,0,0,0,0,0,0,Amazon,,,,,,0.0659 ft3
GB,Anelune Men's Luxury Casual Shirt Summery Henley Shirt T-Shirt Basic Casual Shirt for Everyday wear,X001XE9AG5,AN4076-Vg-Blue-S-CD-DE-LW,B0CQM9P8CR,New,--,,GBP,26.99,0,0,0,0,0,0,0,0,0,0,0,0,Amazon,,,,,,0.0222 ft3
GB,Anelune Women's 2024 Summer Casual Flutter Short Sleeve Crew Neck Smocked Elastic Waist Tiered Midi Dress with Pockets(Navy Blue-3XL),X001X76WJ5,AN1008-Navy Blue-3XL-CD-DE,B0CPY685Z6,New,--,,GBP,35.99,0,0,0,0,0,0,0,0,0,0,0,0,Amazon,,,,,,0.081 ft3
GB,Anelune Men's Luxury Casual Shirt Summery Henley Shirt T-Shirt Basic Casual Shirt for Everyday wear,X001XE8ZON,AN4076-Vg-Blue-M-CD-DE-LW,B0CQM6PW1M,New,--,,GBP,26.99,0,0,0,0,0,0,0,0,0,0,0,0,Amazon,,,,,,0.0222 ft3
GB,Anelune Women's 2024 Summer Casual Flutter Short Sleeve Crew Neck Smocked Elastic Waist Tiered Midi Dress with Pockets(Floral Wine red-M),X001X78V6R,AN1008-Floral Wine red-M-CD-DE,B0CPY5NZ4S,New,--,,GBP,35.99,0,0,0,0,0,0,0,0,0,0,0,0,Amazon,,,,,,0.081 ft3
GB,Anelune Women's 2024 Summer Casual Flutter Short Sleeve Crew Neck Smocked Elastic Waist Tiered Midi Dress with Pockets(Floral Wine red-S),X001X7BESJ,AN1008-Floral Wine red-S-CD-DE,B0CPY6C299,New,--,,GBP,35.99,0,0,0,0,0,0,0,0,0,0,0,0,Amazon,,,,,,0.081 ft3
GB,Anelune Men's Luxury Casual Shirt Summery Henley Shirt T-Shirt Basic Casual Shirt for Everyday wear,X001XE9ASN,AN4076-White-L-CD-DE-LW,B0CQM66TWB,New,--,,GBP,26.99,0,0,0,0,0,0,0,0,0,0,0,0,Amazon,,,,,,0.0222 ft3
GB,ANELUNE Women's Casual Dress Long Sleeve Round Neck Maxi Size Dress Gorgeous Loose Long Dresses with Pockets Wine Red,X001XFVODV,AN1004-Long sleeve Wine red-XL,B0CPT3GM7Q,New,--,,GBP,36.99,0,0,0,0,0,0,0,0,0,0,0,0,Amazon,,,,,,0.0659 ft3
GB,Anelune Women's Short Sleeve Loose Plain Maxi Dresses Casual Long Dresses with Pockets(Black-S),X001X78V7B,AN1008-Black-S-CD-DE,B0CPY1FC7V,New,--,,GBP,35.99,0,0,0,0,0,0,0,0,0,0,0,0,Amazon,,,,,,0.0925 ft3
GB,Anelune Women's Short Sleeve Loose Plain Maxi Dresses Casual Long Dresses with Pockets(White-L),X001X76WIB,AN1008-White-L-CD-DE,B0CPY6X3VN,New,--,,GBP,35.99,0,0,0,0,0,0,0,0,0,0,0,0,Amazon,,,,,,0.081 ft3
GB,Anelune Men's Luxury Casual Shirt Summery Henley Shirt T-Shirt Basic Casual Shirt for Everyday wear,X001XE6WYX,AN4076-Vg-Red-L-CD-DE-LW,B0CQM7TFTL,New,--,,GBP,26.99,0,0,0,0,0,0,0,0,0,0,0,0,Amazon,,,,,,0.0222 ft3
GB,Anelune Men's Luxury Casual Shirt Summery Henley Shirt T-Shirt Basic Casual Shirt for Everyday wear,X001XE9AUL,AN4076-Dark Gray-XL-CD-DE-LW,B0CQM7H6L8,New,--,,GBP,26.99,0,0,0,0,0,0,0,0,0,0,0,0,Amazon,,,,,,0.0222 ft3
GB,ANELUNE Women's Casual Dress Long Sleeve Round Neck Maxi Size Dress Gorgeous Loose Long Dresses with Pockets White,X001XFXB7N,AN1004-Long sleeve White-XL,B0CPT4V4MZ,New,--,,GBP,36.99,0,0,0,0,0,0,0,0,0,0,0,0,Amazon,,,,,,0.0659 ft3
GB,Anelune Men's Luxury Casual Shirt Summery Henley Shirt T-Shirt Basic Casual Shirt for Everyday wear,X001XE8ZG1,AN4076-BLack-S-CD-DE-LW,B0CQM7KKZ1,New,--,,GBP,26.99,0,0,0,0,0,0,0,0,0,0,0,0,Amazon,,,,,,0.0222 ft3
GB,Anelune Women's 2024 Summer Casual Flutter Short Sleeve Crew Neck Smocked Elastic Waist Tiered Midi Dress with Pockets(Floral Wine red-XL),X001X76WCH,AN1008-Floral Wine red-XL-CD-DE,B0CPY5P6B8,New,--,,GBP,35.99,0,0,0,0,0,0,0,0,0,0,0,0,Amazon,,,,,,0.081 ft3
GB,Anelune Women's 2024 Summer Casual Flutter Short Sleeve Crew Neck Smocked Elastic Waist Tiered Midi Dress with Pockets(Navy Blue-L),X001X7BEN9,AN1008-Navy Blue-L-CD-DE,B0CPY71TJB,New,--,,GBP,35.99,0,0,0,0,0,0,0,0,0,0,0,0,Amazon,,,,,,0.081 ft3
GB,Anelune Women's Short Sleeve Loose Plain Maxi Dresses Casual Long Dresses with Pockets(White-3XL),X001X76TLL,AN1008-White-3XL-CD-DE,B0CPY6KJF3,New,--,,GBP,35.99,0,0,0,0,0,0,0,0,0,0,0,0,Amazon,,,,,,0.081 ft3
GB,Anelune Men's Luxury Casual Shirt Summery Henley Shirt T-Shirt Basic Casual Shirt for Everyday wear,X001XE9B41,AN4076-Dark Gray-L-CD-DE-LW,B0CQM5WBMY,New,--,,GBP,26.99,0,0,0,0,0,0,0,0,0,0,0,0,Amazon,,,,,,0.0222 ft3
GB,Anelune Women's Short Sleeve Loose Plain Maxi Dresses Casual Long Dresses with Pockets(Floral White-XL),X001X76VJL,AN1008-Floral White-XL-CD-DE,B0CPY4TJDR,New,--,,GBP,35.99,0,0,0,0,0,0,0,0,0,0,0,0,Amazon,,,,,,0.081 ft3
GB,Anelune Women's 2024 Summer Casual Flutter Short Sleeve Crew Neck Smocked Elastic Waist Tiered Midi Dress with Pockets(Wine Red-2XL),X001X71VSR,AN1008-Wine Red-2XL-CD-DE,B0CPY54L1Y,New,--,,GBP,35.99,0,0,0,0,0,0,0,0,0,0,0,0,Amazon,,,,,,0.081 ft3
GB,Anelune Women's Short Sleeve Loose Plain Maxi Dresses Casual Long Dresses with Pockets(White-S),X001X76OG1,AN1008-White-S-CD-DE,B0CPY53GTK,New,--,,GBP,35.99,0,0,0,0,0,0,0,0,0,0,0,0,Amazon,,,,,,0.081 ft3
GB,ANELUNE Women's Casual Dress Long Sleeve Round Neck Maxi Size Dress Gorgeous Loose Long Dresses with Pockets White,X001XFXB7X,AN1004-Long sleeve White-XXL,B0CPT36GXK,New,--,,GBP,36.99,0,0,0,0,0,0,0,0,0,0,0,0,Amazon,,,,,,0.0659 ft3
GB,ANELUNE Women's Casual Dress Long Sleeve Round Neck Maxi Size Dress Gorgeous Loose Long Dresses with Pockets White,X001XFXB4V,AN1004-Long sleeve White-M,B0CPSWD5RL,New,--,,GBP,36.99,0,0,0,0,0,0,0,0,0,0,0,0,Amazon,,,,,,0.0659 ft3
GB,Anelune Women's 2024 Summer Casual Flutter Short Sleeve Crew Neck Smocked Elastic Waist Tiered Midi Dress with Pockets(Royal Blue-2XL),X001X79K8P,AN1008-Royal Blue-2XL-CD-DE,B0CPY5PT52,New,--,,GBP,35.99,0,0,0,0,0,0,0,0,0,0,0,0,Amazon,,,,,,0.081 ft3
GB,Anelune Men's Luxury Casual Shirt Summery Henley Shirt T-Shirt Basic Casual Shirt for Everyday wear,X001XE6X5L,AN4076-Vg-Red-M-CD-DE-LW,B0CQM7XSWL,New,--,,GBP,26.99,0,0,0,0,0,0,0,0,0,0,0,0,Amazon,,,,,,0.0222 ft3
GB,Anelune Women's Short Sleeve Loose Plain Maxi Dresses Casual Long Dresses with Pockets(Floral White-3XL),X001X76TL1,AN1008-Floral White-3XL-CD-DE,B0CPY7SQMQ,New,--,,GBP,35.99,0,0,0,0,0,0,0,0,0,0,0,0,Amazon,,,,,,0.081 ft3
GB,Anelune Men's Luxury Casual Shirt Summery Henley Shirt T-Shirt Basic Casual Shirt for Everyday wear,X001XE8ZRP,AN4076-Dark Gray-S-CD-DE-LW,B0CQM77GZC,New,--,,GBP,26.99,0,0,0,0,0,0,0,0,0,0,0,0,Amazon,,,,,,0.0222 ft3
GB,Anelune Men's Luxury Casual Shirt Summery Henley Shirt T-Shirt Basic Casual Shirt for Everyday wear,X001XE8Z75,AN4076-White-2XL-CD-DE-LW,B0CQM7VVB5,New,--,,GBP,26.99,0,0,0,0,0,0,0,0,0,0,0,0,Amazon,,,,,,0.0222 ft3
GB,Anelune Men's Luxury Casual Shirt Summery Henley Shirt T-Shirt Basic Casual Shirt for Everyday wear,X001XE9AMJ,AN4076-Green-XL-CD-DE-LW,B0CQM63MD6,New,--,,GBP,26.99,0,0,0,0,0,0,0,0,0,0,0,0,Amazon,,,,,,0.0222 ft3
GB,Anelune Women's 2024 Summer Casual Flutter Short Sleeve Crew Neck Smocked Elastic Waist Tiered Midi Dress with Pockets(Floral Wine red-3XL),X001X79KJT,AN1008-Floral Wine red-3XL-CD-DE,B0CPY4M7HC,New,--,,GBP,35.99,0,0,0,0,0,0,0,0,0,0,0,0,Amazon,,,,,,0.081 ft3
GB,Anelune Women's 2024 Summer Casual Flutter Short Sleeve Crew Neck Smocked Elastic Waist Tiered Midi Dress with Pockets(Royal Blue-M),X001X7BEM5,AN1008-Royal Blue-M-CD-DE,B0CPY4R9XR,New,--,,GBP,35.99,0,0,0,0,0,0,0,0,0,0,0,0,Amazon,,,,,,0.081 ft3
GB,Anelune Men's Luxury Casual Shirt Summery Henley Shirt T-Shirt Basic Casual Shirt for Everyday wear,X001XE8ZIT,AN4076-Green-S-CD-DE-LW,B0CQM7PDPY,New,--,,GBP,26.99,0,0,0,0,0,0,0,0,0,0,0,0,Amazon,,,,,,0.0222 ft3
GB,Anelune Men's Luxury Casual Shirt Summery Henley Shirt T-Shirt Basic Casual Shirt for Everyday wear,X001XE8ZNJ,AN4076-Navy Blue-M-CD-DE-LW,B0CQM86VPV,New,--,,GBP,26.99,0,0,0,0,0,0,0,0,0,0,0,0,Amazon,,,,,,0.0222 ft3
GB,Anelune Men's Luxury Casual Shirt Summery Henley Shirt T-Shirt Basic Casual Shirt for Everyday wear,X001XE56QN,AN4076-Vg-Red-S-CD-DE-LW,B0CQM88BW1,New,--,,GBP,26.99,0,0,0,0,0,0,0,0,0,0,0,0,Amazon,,,,,,0.0222 ft3
GB,ANELUNE Women's Casual Dress Long Sleeve Round Neck Maxi Size Dress Gorgeous Loose Long Dresses with Pockets Wine Red,X001XFXCOP,AN1004-Long sleeve Wine red-S,B0CPT1CSC7,New,--,,GBP,36.99,0,0,0,0,0,0,0,0,0,0,0,0,Amazon,,,,,,0.0659 ft3
GB,ANELUNE Women's Casual Dress Long Sleeve Round Neck Maxi Size Dress Gorgeous Loose Long Dresses with Pockets Wine Red,X001XFXEK7,AN1004-Long sleeve Wine red-XXL,B0CPT32T7C,New,--,,GBP,36.99,0,0,0,0,0,0,0,0,0,0,0,0,Amazon,,,,,,0.0659 ft3
GB,Anelune Women's 2024 Summer Casual Flutter Short Sleeve Crew Neck Smocked Elastic Waist Tiered Midi Dress with Pockets(Navy Blue-XL),X001X76TN9,AN1008-Navy Blue-XL-CD-DE,B0CPY6MVC5,New,--,,GBP,35.99,0,0,0,0,0,0,0,0,0,0,0,0,Amazon,,,,,,0.081 ft3
GB,Anelune Women's Short Sleeve Loose Plain Maxi Dresses Casual Long Dresses with Pockets(Black-2XL),X001X78V6H,AN1008-Black-2XL-CD-DE,B0CPY4MVMN,New,--,,GBP,35.99,0,0,0,0,0,0,0,0,0,0,0,0,Amazon,,,,,,0.0925 ft3
GB,Anelune Women's Short Sleeve Loose Plain Maxi Dresses Casual Long Dresses with Pockets(Floral White-M),X001X7BEQ1,AN1008-Floral White-M-CD-DE,B0CPY69266,New,--,,GBP,35.99,0,0,0,0,0,0,0,0,0,0,0,0,Amazon,,,,,,0.081 ft3
GB,Anelune Women's Short Sleeve Loose Plain Maxi Dresses Casual Long Dresses with Pockets(White-2XL),X001X7BEST,AN1008-White-2XL-CD-DE,B0CPY2975C,New,--,,GBP,35.99,0,0,0,0,0,0,0,0,0,0,0,0,Amazon,,,,,,0.081 ft3
GB,Anelune Women's Short Sleeve Loose Plain Maxi Dresses Casual Long Dresses with Pockets(Black-3XL),X001X76WJZ,AN1008-Black-3XL-CD-DE,B0CPY7KZTY,New,--,,GBP,35.99,0,0,0,0,0,0,0,0,0,0,0,0,Amazon,,,,,,0.0925 ft3
GB,Anelune Men's Luxury Casual Shirt Summery Henley Shirt T-Shirt Basic Casual Shirt for Everyday wear,X001XE8ZD9,AN4076-Green-L-CD-DE-LW,B0CQM9HHYZ,New,--,,GBP,26.99,0,0,0,0,0,0,0,0,0,0,0,0,Amazon,,,,,,0.0222 ft3
GB,Anelune Women's 2024 Summer Casual Flutter Short Sleeve Crew Neck Smocked Elastic Waist Tiered Midi Dress with Pockets(Wine Red-XL),X001X77VNL,AN1008-Wine Red-XL-CD-DE,B0CPY6KFR5,New,--,,GBP,35.99,0,0,0,0,0,0,0,0,0,0,0,0,Amazon,,,,,,0.081 ft3
GB,Anelune Men's Luxury Casual Shirt Summery Henley Shirt T-Shirt Basic Casual Shirt for Everyday wear,X001XE8ZED,AN4076-Navy Blue-XL-CD-DE-LW,B0CQM6PDD4,New,--,,GBP,26.99,0,0,0,0,0,0,0,0,0,0,0,0,Amazon,,,,,,0.0222 ft3
GB,Anelune Men's Luxury Casual Shirt Summery Henley Shirt T-Shirt Basic Casual Shirt for Everyday wear,X001XE8ZNT,AN4076-Green-M-CD-DE-LW,B0CQM721H1,New,--,,GBP,26.99,0,0,0,0,0,0,0,0,0,0,0,0,Amazon,,,,,,0.0222 ft3
GB,Anelune Men's Luxury Casual Shirt Summery Henley Shirt T-Shirt Basic Casual Shirt for Everyday wear,X001XE6X0L,AN4076-Light Gray-L-CD-DE-LW,B0CQM6ZD3K,New,--,,GBP,26.99,0,0,0,0,0,0,0,0,0,0,0,0,Amazon,,,,,,0.0222 ft3
GB,Anelune Men's Luxury Casual Shirt Summery Henley Shirt T-Shirt Basic Casual Shirt for Everyday wear,X001XE8Z93,AN4076-Light Gray-M-CD-DE-LW,B0CQM824V2,New,--,,GBP,26.99,0,0,0,0,0,0,0,0,0,0,0,0,Amazon,,,,,,0.0222 ft3
GB,ANELUNE Women's Casual Dress Long Sleeve Round Neck Maxi Size Dress Gorgeous Loose Long Dresses with Pockets Wine Red,X001XFXCPJ,AN1004-Long sleeve Wine red-L,B0CPT22F7R,New,--,,GBP,36.99,0,0,0,0,0,0,0,0,0,0,0,0,Amazon,,,,,,0.0659 ft3
GB,Anelune Men's Luxury Casual Shirt Summery Henley Shirt T-Shirt Basic Casual Shirt for Everyday wear,X001XE9AQZ,AN4076-Navy Blue-2XL-CD-DE-LW,B0CQM8DVKW,New,--,,GBP,26.99,0,0,0,0,0,0,0,0,0,0,0,0,Amazon,,,,,,0.0222 ft3
GB,Anelune Men's Luxury Casual Shirt Summery Henley Shirt T-Shirt Basic Casual Shirt for Everyday wear,X001XE6X51,AN4076-Green-2XL-CD-DE-LW,B0CQM88BW2,New,--,,GBP,26.99,0,0,0,0,0,0,0,0,0,0,0,0,Amazon,,,,,,0.0222 ft3
GB,Anelune Men's Luxury Casual Shirt Summery Henley Shirt T-Shirt Basic Casual Shirt for Everyday wear,X001XE56Q3,AN4076-Dark Gray-2XL-CD-DE-LW,B0CQM8KHRT,New,--,,GBP,26.99,0,0,0,0,0,0,0,0,0,0,0,0,Amazon,,,,,,0.0222 ft3
GB,ANELUNE Women's Casual Dress Long Sleeve Round Neck Maxi Size Dress Gorgeous Loose Long Dresses with Pockets White,X001XFXEKH,AN1004-Long sleeve White-S-CD-DE,B0CPX7SFR1,New,--,,GBP,36.99,0,0,0,0,0,0,0,0,0,0,0,0,Amazon,,,,,,0.0659 ft3
GB,Anelune Women's Short Sleeve Loose Plain Maxi Dresses Casual Long Dresses with Pockets(Black-M),X001X71VSH,AN1008-Black-M-CD-DE,B0CPY566L9,New,--,,GBP,35.99,0,0,0,0,0,0,0,0,0,0,0,0,Amazon,,,,,,0.0925 ft3
GB,Anelune Women's 2024 Summer Casual Flutter Short Sleeve Crew Neck Smocked Elastic Waist Tiered Midi Dress with Pockets(Royal Blue-L),X001X7BEFR,AN1008-Royal Blue-L-CD-DE,B0CPY6QT61,New,--,,GBP,35.99,0,0,0,0,0,0,0,0,0,0,0,0,Amazon,,,,,,0.081 ft3
GB,Anelune Men's Luxury Casual Shirt Summery Henley Shirt T-Shirt Basic Casual Shirt for Everyday wear,X001XE8ZOD,AN4076-Light Gray-XL-CD-DE-LW,B0CQM74G7Z,New,--,,GBP,26.99,0,0,0,0,0,0,0,0,0,0,0,0,Amazon,,,,,,0.0222 ft3
GB,Anelune Men's Luxury Casual Shirt Summery Henley Shirt T-Shirt Basic Casual Shirt for Everyday wear,X001XE5753,AN4076-Dark Gray-M-CD-DE-LW,B0CQM6HVFV,New,--,,GBP,26.99,0,0,0,0,0,0,0,0,0,0,0,0,Amazon,,,,,,0.0222 ft3
GB,Anelune Men's Luxury Casual Shirt Summery Henley Shirt T-Shirt Basic Casual Shirt for Everyday wear,X001XE6X0B,AN4076-Vg-Red-2XL-CD-DE-LW,B0CQM6HVFF,New,--,,GBP,26.99,0,0,0,0,0,0,0,0,0,0,0,0,Amazon,,,,,,0.0222 ft3
GB,ANELUNE Women's Casual Dress Long Sleeve Round Neck Maxi Size Dress Gorgeous Loose Long Dresses with Pockets Navy Blue,X001XFXEJN,AN1004-Long sleeve Navy blue-S,B0CPT21ZKS,New,--,,GBP,36.99,0,0,0,0,0,0,0,0,0,0,0,0,Amazon,,,,,,0.0659 ft3
GB,ANELUNE Women's Casual Dress Long Sleeve Round Neck Maxi Size Dress Gorgeous Loose Long Dresses with Pockets Navy Blue,X001XFVOEF,AN1004-Long sleeve Navy blue-XL,B0CPT1H2CX,New,--,,GBP,36.99,0,0,0,0,0,0,0,0,0,0,0,0,Amazon,,,,,,0.0659 ft3
GB,Anelune Women's Short Sleeve Loose Plain Maxi Dresses Casual Long Dresses with Pockets(White-XL),X001X76WJP,AN1008-White-XL-CD-DE,B0CPY732S6,New,--,,GBP,35.99,0,0,0,0,0,0,0,0,0,0,0,0,Amazon,,,,,,0.081 ft3
GB,Anelune Men's Luxury Casual Shirt Summery Henley Shirt T-Shirt Basic Casual Shirt for Everyday wear,X001XE6X8N,AN4076-BLack-2XL-CD-DE-LW,B0CQM5LXS5,New,--,,GBP,26.99,0,0,0,0,0,0,0,0,0,0,0,0,Amazon,,,,,,0.0222 ft3
GB,Anelune Women's 2024 Summer Casual Flutter Short Sleeve Crew Neck Smocked Elastic Waist Tiered Midi Dress with Pockets(Navy Blue-M),X001X7BEYD,AN1008-Navy Blue-M-CD-DE,B0CPY5WXVB,New,--,,GBP,35.99,0,0,0,0,0,0,0,0,0,0,0,0,Amazon,,,,,,0.081 ft3
GB,Anelune Women's 2024 Summer Casual Flutter Short Sleeve Crew Neck Smocked Elastic Waist Tiered Midi Dress with Pockets(Navy Blue-2XL),X001X7BENJ,AN1008-Navy Blue-2XL-CD-DE,B0CPY745HW,New,--,,GBP,35.99,0,0,0,0,0,0,0,0,0,0,0,0,Amazon,0,0,out_of_stock,,,0.081 ft3
GB,Anelune Men's Luxury Casual Shirt Summery Henley Shirt T-Shirt Basic Casual Shirt for Everyday wear,X001XE6XA1,AN4076-Vg-Red-XL-CD-DE-LW,B0CQM4VY51,New,--,,GBP,26.99,0,0,0,0,0,0,0,0,0,0,0,0,Amazon,,,,,,0.0222 ft3
GB,ANELUNE Women's Casual Dress Long Sleeve Round Neck Maxi Size Dress Gorgeous Loose Long Dresses with Pockets Navy Blue,X001XFXEJD,AN1004-Long sleeve Navy blue-XXL,B0CPT2KSW7,New,--,,GBP,36.99,0,0,0,0,0,0,0,0,0,0,0,0,Amazon,,,,,,0.0659 ft3
GB,Anelune Men's Luxury Casual Shirt Summery Henley Shirt T-Shirt Basic Casual Shirt for Everyday wear,X001XE9AHT,AN4076-Vg-Blue-2XL-CD-DE-LW,B0CQM66PQS,New,--,,GBP,26.99,0,0,0,0,0,0,0,0,0,0,0,0,Amazon,,,,,,0.0222 ft3
GB,Anelune Men's Luxury Casual Shirt Summery Henley Shirt T-Shirt Basic Casual Shirt for Everyday wear,X001XE8ZBL,AN4076-Vg-Blue-XL-CD-DE-LW,B0CQM7PDPZ,New,--,,GBP,26.99,0,0,0,0,0,0,0,0,0,0,0,0,Amazon,,,,,,0.0222 ft3
GB,Anelune Women's Short Sleeve Loose Plain Maxi Dresses Casual Long Dresses with Pockets(Floral White-S),X001X71VRN,AN1008-Floral White-S-CD-DE,B0CPY6FT51,New,--,,GBP,35.99,0,0,0,0,0,0,0,0,0,0,0,0,Amazon,,,,,,0.081 ft3
GB,Anelune Women's Short Sleeve Loose Plain Maxi Dresses Casual Long Dresses with Pockets(Black-L),X001X7BEJ3,AN1008-Black-L-CD-DE,B0CPY39BZS,New,--,,GBP,35.99,0,0,0,0,0,0,0,0,0,0,0,0,Amazon,,,,,,0.0925 ft3
GB,Anelune Women's 2024 Summer Casual Flutter Short Sleeve Crew Neck Smocked Elastic Waist Tiered Midi Dress with Pockets(Wine Red-M),X001X78V2B,AN1008-Wine Red-M-CD-DE,B0CPY5MLMP,New,--,,GBP,35.99,0,0,0,0,0,0,0,0,0,0,0,0,Amazon,,,,,,0.081 ft3
GB,Anelune Women's 2024 Summer Casual Flutter Short Sleeve Crew Neck Smocked Elastic Waist Tiered Midi Dress with Pockets(Royal Blue-3XL),X001X76WK9,AN1008-Royal Blue-3XL-CD-DE,B0CPY6SZRL,New,--,,GBP,35.99,0,0,0,0,0,0,0,0,0,0,0,0,Amazon,,,,,,0.081 ft3
GB,Anelune Men's Luxury Casual Shirt Summery Henley Shirt T-Shirt Basic Casual Shirt for Everyday wear,X001XE56OP,AN4076-Navy Blue-S-CD-DE-LW,B0CQM5SFZW,New,--,,GBP,26.99,0,0,0,0,0,0,0,0,0,0,0,0,Amazon,,,,,,0.0222 ft3
GB,Anelune Women's Short Sleeve Loose Plain Maxi Dresses Casual Long Dresses with Pockets(White-M),X001X76OHZ,AN1008-White-M-CD-DE,B0CPY6LY8K,New,--,,GBP,35.99,0,0,0,0,0,0,0,0,0,0,0,0,Amazon,,,,,,0.081 ft3
GB,Anelune Men's Luxury Casual Shirt Summery Henley Shirt T-Shirt Basic Casual Shirt for Everyday wear,X001XE6WZR,AN4076-BLack-L-CD-DE-LW,B0CQM7MK4F,New,--,,GBP,26.99,0,0,0,0,0,0,0,0,0,0,0,0,Amazon,,,,,,0.0222 ft3
GB,Anelune Women's 2024 Summer Casual Flutter Short Sleeve Crew Neck Smocked Elastic Waist Tiered Midi Dress with Pockets(Navy Blue-S),X001X76OQV,AN1008-Navy Blue-S-CD-DE,B0CPY5F2KN,New,--,,GBP,35.99,0,0,0,0,0,0,0,0,0,0,0,0,Amazon,,,,,,0.081 ft3
GB,Anelune Women's 2024 Summer Casual Flutter Short Sleeve Crew Neck Smocked Elastic Waist Tiered Midi Dress with Pockets(Wine Red-L),X001X71VVT,AN1008-Wine Red-L-CD-DE,B0CPY5NVSB,New,--,,GBP,35.99,0,0,0,0,0,0,0,0,0,0,0,0,Amazon,,,,,,0.081 ft3
GB,Anelune Men's Luxury Casual Shirt Summery Henley Shirt T-Shirt Basic Casual Shirt for Everyday wear,X001XE6X8D,AN4076-Light Gray-S-CD-DE-LW,B0CQM5YT2X,New,--,,GBP,26.99,0,0,0,0,0,0,0,0,0,0,0,0,Amazon,,,,,,0.0222 ft3
GB,Anelune Women's Short Sleeve Loose Plain Maxi Dresses Casual Long Dresses with Pockets(Floral White-2XL),X001X7BF3X,AN1008-Floral White-2XL-CD-DE,B0CPY56HL2,New,--,,GBP,35.99,0,0,0,0,0,0,0,0,0,0,0,0,Amazon,,,,,,0.081 ft3
GB,Anelune Women's 2024 Summer Casual Flutter Short Sleeve Crew Neck Smocked Elastic Waist Tiered Midi Dress with Pockets(Royal Blue-S),X001X71VTB,AN1008-Royal Blue-S-CD-DE,B0CPY5FH4R,New,--,,GBP,35.99,0,0,0,0,0,0,0,0,0,0,0,0,Amazon,,,,,,0.081 ft3
GB,Anelune Men's Luxury Casual Shirt Summery Henley Shirt T-Shirt Basic Casual Shirt for Everyday wear,X001XE8Z9D,AN4076-White-M-CD-DE-LW,B0CQM8HYX8,New,--,,GBP,26.99,0,0,0,0,0,0,0,0,0,0,0,0,Amazon,,,,,,0.0222 ft3
GB,Anelune Men's Luxury Casual Shirt Summery Henley Shirt T-Shirt Basic Casual Shirt for Everyday wear,X001XE56RR,AN4076-White-S-CD-DE-LW,B0CQMBFTNX,New,--,,GBP,26.99,0,0,0,0,0,0,0,0,0,0,0,0,Amazon,,,,,,0.0222 ft3
DE,"Anelune Herren Sommer Shorts mit Taschen L?ssige Elastische Taille Jogger Shorts - Herren Leinen Bermuda Shorts Geeignet f¨¹r Strandparty, Reisen und Freizeit",X001X53S0D,AN-4006- Amry Gr¨¹n-S-CD-DE,B0CPSCZV3P,New,--,,EUR,28.99,0,0,0,0,0,0,0,0,0,0,0,0,Amazon,,,,,,
DE,"Anelune Damen Chiffon Blusen mit V-Ausschnitt und Bindung vorne, Fledermaus?rmel, Kurzarm, Sommerliche Oberteile und Hemden,Blumen Rot",X001XGF1AR,AN1014-F Floral red-L-CD-DE-NEW,B0CQSYSHPZ,New,--,,EUR,26.99,0,0,0,0,0,0,0,0,0,0,0,0,Amazon,0,0,out_of_stock,,,0.0003 m3
DE,Herren Leinen Shorts L?ssige Klassische Passform Baumwolle Sommer Strand Kurze Herren Sport Shorts Urlaubs Essentials f¨¹r M?nner und Kordelzug mit Elastischer Taille und Taschen,X001X5O4BF,AN-4006-Wei?-L-CD-DE,B0CPSJHYY5,New,--,,EUR,28.99,0,0,0,0,0,0,0,0,0,0,0,0,Amazon,,,,,,
DE,"Anelune Herren Luxus-Casual Shirt: Sommerliches Henley-Shirt & T-Shirt Basiscasual Shirt f¨¹r den Alltag(M, 00Gr¨¹n)",X001X4UWZ3,AN4076-Green-M-CD-DE,B0CPPW98BC,New,--,,EUR,26.99,0,0,0,0,0,0,0,0,0,0,0,0,Amazon,,,,,,
DE,Herren Leinen Shorts L?ssige Klassische Passform Baumwolle Sommer Strand Kurze Herren Sport Shorts Urlaubs Essentials f¨¹r M?nner und Kordelzug mit Elastischer Taille und Taschen,X001X5JSPR,AN-4006-Khaki-S-CD-DE,B0CPS5PB1M,New,--,,EUR,28.99,0,0,0,0,0,0,0,0,0,0,0,0,Amazon,0,0,out_of_stock,,,
DE,"Anelune Herren Luxus-Casual Shirt: Sommerliches Henley-Shirt & T-Shirt Basiscasual Shirt f¨¹r den Alltag(M, 00Schwarz)",X001X4TXP3,AN4076-BLack-M-CD-DE,B0CPPWRZVJ,New,--,,EUR,26.99,0,0,0,0,0,0,0,0,0,0,0,0,Amazon,,,,,,
DE,"Anelune Herren Luxus-Casual Shirt: Sommerliches Henley-Shirt & T-Shirt Basiscasual Shirt f¨¹r den Alltag(2XL, 00Schwarz)",X001X4YWBN,AN4076-BLack-2XL-CD-DE,B0CPPWCD5K,New,--,,EUR,26.99,0,0,0,0,0,0,0,0,0,0,0,0,Amazon,,,,,,
DE,Herren Leinen Shorts L?ssige Klassische Passform Baumwolle Sommer Strand Kurze Herren Sport Shorts Urlaubs Essentials f¨¹r M?nner und Kordelzug mit Elastischer Taille und Taschen,X001X5JSQ1,AN-4006-Dunkles Khaki-XL-CD-DE,B0CPSGNVQF,New,--,,EUR,28.99,0,0,0,0,0,0,0,0,0,0,0,0,Amazon,0,0,out_of_stock,,,
DE,"Anelune Herren Sommer Shorts mit Taschen L?ssige Elastische Taille Jogger Shorts - Herren Leinen Bermuda Shorts Geeignet f¨¹r Strandparty, Reisen und Freizeit",X001X5O4ID,AN-4006- Amry Gr¨¹n-3XL-CD-DE,B0CPSCFWF4,New,--,,EUR,28.99,0,0,0,0,0,0,0,0,0,0,0,0,Amazon,0,0,out_of_stock,,,
DE,"Anelune Herren Luxus-Casual Shirt: Sommerliches Henley-Shirt & T-Shirt Basiscasual Shirt f¨¹r den Alltag(S, 00Schwarz)",X001X4YYCF,AN4076-BLack-S-CD-DE,B0CPPVR4CG,New,--,,EUR,26.99,0,0,0,0,0,0,0,0,0,0,0,0,Amazon,,,,,,
DE,"Anelune Damen Chiffon Blusen mit V-Ausschnitt und Bindung vorne, Fledermaus?rmel, Kurzarm, Sommerliche Oberteile und Hemden,Blumen Rot",X001XGJJPZ,AN1014-F Floral red-M-CD-DE-NEW,B0CQSY6Q5W,New,--,,EUR,26.99,0,0,0,0,0,0,0,0,0,0,0,0,Amazon,,,,,,0.0003 m3
DE,Herren Leinen Shorts L?ssige Klassische Passform Baumwolle Sommer Strand Kurze Herren Sport Shorts Urlaubs Essentials f¨¹r M?nner und Kordelzug mit Elastischer Taille und Taschen,X001X5NZYH,AN-4006-Wei?-M-CD-DE,B0CPSB4YFM,New,--,,EUR,28.99,0,0,0,0,0,0,0,0,0,0,0,0,Amazon,,,,,,
DE,Herren Leinen Shorts L?ssige Klassische Passform Baumwolle Sommer Strand Kurze Herren Sport Shorts Urlaubs Essentials f¨¹r M?nner und Kordelzug mit Elastischer Taille und Taschen,X001X5O44H,AN-4006-Wei?-S-CD-DE,B0CPS7R4ND,New,--,,EUR,28.99,0,0,0,0,0,0,0,0,0,0,0,0,Amazon,,,,,,
DE,"Anelune Damen Chiffon Blusen mit V-Ausschnitt und Bindung vorne, Fledermaus?rmel, Kurzarm, Sommerliche Oberteile und Hemden,Blumen Rot",X001XGJJOB,AN1014-F Floral red-S-CD-DE-NEW,B0CQSYFGGD,New,--,,EUR,26.99,0,0,0,0,0,0,0,0,0,0,0,0,Amazon,,,,,,0.0003 m3
DE,"Anelune Damen Chiffon Blusen mit V-Ausschnitt und Bindung vorne, Fledermaus?rmel, Kurzarm, Sommerliche Oberteile und Hemden,Blumen Rot",X001XGH209,AN1014-F Floral red-XL-CD-DE-NEW,B0CQSY2J13,New,--,,EUR,26.99,0,0,0,0,0,0,0,0,0,0,0,0,Amazon,,,,,,0.0003 m3
DE,"Anelune Herren Sommer Shorts mit Taschen L?ssige Elastische Taille Jogger Shorts - Herren Leinen Bermuda Shorts Geeignet f¨¹r Strandparty, Reisen und Freizeit",X001X5O4B5,AN-4006-Light Blue-M-CD-DE,B0CPRWVMZM,New,--,,EUR,28.99,0,0,0,0,0,0,0,0,0,0,0,0,Amazon,,,,,,
DE,"Anelune Damen Chiffon Blusen mit V-Ausschnitt und Bindung vorne, Fledermaus?rmel, Kurzarm, Sommerliche Oberteile und Hemden,Blumen Rot",X001XGH1ZZ,AN1014-F Floral red-XXL-CD-DE-NEW,B0CQSYK6Z1,New,--,,EUR,26.99,0,0,0,0,0,0,0,0,0,0,0,0,Amazon,0,0,out_of_stock,,,0.0003 m3
DE,"Anelune Herren Sommer Shorts mit Taschen L?ssige Elastische Taille Jogger Shorts - Herren Leinen Bermuda Shorts Geeignet f¨¹r Strandparty, Reisen und Freizeit",X001X53S0X,AN-4006-Light Blue-2XL-CD-DE,B0CPS5NLTK,New,--,,EUR,28.99,0,0,0,0,0,0,0,0,0,0,0,0,Amazon,,,,,,
DE,"Anelune Herren Sommer Shorts mit Taschen L?ssige Elastische Taille Jogger Shorts - Herren Leinen Bermuda Shorts Geeignet f¨¹r Strandparty, Reisen und Freizeit",X001X5O451,AN-4006- Amry Gr¨¹n-XL-CD-DE,B0CPS7C7HR,New,--,,EUR,28.99,0,0,0,0,0,0,0,0,0,0,0,0,Amazon,0,0,out_of_stock,,,
DE,"Anelune Damen Chiffon Blusen mit V-Ausschnitt und Bindung vorne, Fledermaus?rmel, Kurzarm, Sommerliche Oberteile und Hemden,Schwarz Punkt",X001XGF1GB,AN1014-F Black Dot-L-CD-DE-NEW,B0CQSWT6ZB,New,--,,EUR,26.99,0,0,0,0,0,0,0,0,0,0,0,0,Amazon,,,,,,0.0003 m3
DE,"Anelune Damen Chiffon Blusen mit V-Ausschnitt und Bindung vorne, Fledermaus?rmel, Kurzarm, Sommerliche Oberteile und Hemden,Schwarz Punkt",X001XGF175,AN1014-F Black Dot-M-CD-DE-NEW,B0CQSY472M,New,--,,EUR,26.99,0,0,0,0,0,0,0,0,0,0,0,0,Amazon,,,,,,0.0003 m3
DE,"Anelune Herren Luxus-Casual Shirt: Sommerliches Henley-Shirt & T-Shirt Basiscasual Shirt f¨¹r den Alltag(XL, 00Gr¨¹n)",X001X4TU5L,AN4076-Green-XL-CD-DE,B0CPPVJVMK,New,--,,EUR,26.99,0,0,0,0,0,0,0,0,0,0,0,0,Amazon,,,,,,
DE,Herren Leinen Shorts L?ssige Klassische Passform Baumwolle Sommer Strand Kurze Herren Sport Shorts Urlaubs Essentials f¨¹r M?nner und Kordelzug mit Elastischer Taille und Taschen,X001X53RX1,AN-4006-Schwarz-L-CD-DE,B0CPSCMDPJ,New,--,,EUR,28.99,0,0,0,0,0,0,0,0,0,0,0,0,Amazon,,,,,,
DE,"Anelune Damen Chiffon Blusen mit V-Ausschnitt und Bindung vorne, Fledermaus?rmel, Kurzarm, Sommerliche Oberteile und Hemden,Schwarz Punkt",X001XGF1G1,AN1014-F Black Dot-S-CD-DE-NEW,B0CQSY1DL6,New,--,,EUR,26.99,0,0,0,0,0,0,0,0,0,0,0,0,Amazon,,,,,,0.0003 m3
DE,"Anelune Damen Chiffon Blusen mit V-Ausschnitt und Bindung vorne, Fledermaus?rmel, Kurzarm, Sommerliche Oberteile und Hemden,Schwarz Punkt",X001XGJKRR,AN1014-F Black Dot-XL-CD-DE-NEW,B0CQSXLLFY,New,--,,EUR,26.99,0,0,0,0,0,0,0,0,0,0,0,0,Amazon,,,,,,0.0003 m3
DE,"Anelune Damen Chiffon Blusen mit V-Ausschnitt und Bindung vorne, Fledermaus?rmel, Kurzarm, Sommerliche Oberteile und Hemden,Schwarz Punkt",X001XGH27R,AN1014-F Black Dot-XXL-CD-DE-NEW,B0CQSXQQC9,New,--,,EUR,26.99,0,0,0,0,0,0,0,0,0,0,0,0,Amazon,,,,,,0.0003 m3
DE,"Anelune Herren Sommer Shorts mit Taschen L?ssige Elastische Taille Jogger Shorts - Herren Leinen Bermuda Shorts Geeignet f¨¹r Strandparty, Reisen und Freizeit",X001X53S4T,AN-4006- Amry Gr¨¹n-M-CD-DE,B0CPS86D7K,New,--,,EUR,28.99,0,0,0,0,0,0,0,0,0,0,0,0,Amazon,0,0,out_of_stock,,,
DE,"Anelune Damen Chiffon Blusen mit V-Ausschnitt und Bindung vorne, Fledermaus?rmel, Kurzarm, Sommerliche Oberteile und Hemden,Royal blue",X001XGJJHN,AN1014-Royal blue-L-CD-DE-NEW,B0CQSYN5PS,New,--,,EUR,26.99,0,0,0,0,0,0,0,0,0,0,0,0,Amazon,,,,,,0.0003 m3
DE,"Anelune Damen Chiffon Blusen mit V-Ausschnitt und Bindung vorne, Fledermaus?rmel, Kurzarm, Sommerliche Oberteile und Hemden,Royal blue",X001XGF1DT,AN1014-Royal blue-M-CD-DE-NEW,B0CQSYF6RB,New,--,,EUR,26.99,0,0,0,0,0,0,0,0,0,0,0,0,Amazon,,,,,,0.0003 m3
DE,"Anelune Damen Chiffon Blusen mit V-Ausschnitt und Bindung vorne, Fledermaus?rmel, Kurzarm, Sommerliche Oberteile und Hemden,Royal blue",X001XGF1FR,AN1014-Royal blue-S-CD-DE-NEW,B0CQSZDF52,New,--,,EUR,26.99,0,0,0,0,0,0,0,0,0,0,0,0,Amazon,,,,,,0.0003 m3
DE,"Anelune Herren Sommer Shorts mit Taschen L?ssige Elastische Taille Jogger Shorts - Herren Leinen Bermuda Shorts Geeignet f¨¹r Strandparty, Reisen und Freizeit",X001X5JSLL,AN-4006- Amry Gr¨¹n-L-CD-DE,B0CPSKQNQT,New,--,,EUR,28.99,0,0,0,0,0,0,0,0,0,0,0,0,Amazon,,,,,,
DE,"Anelune Herren Sommer Shorts mit Taschen L?ssige Elastische Taille Jogger Shorts - Herren Leinen Bermuda Shorts Geeignet f¨¹r Strandparty, Reisen und Freizeit",X001X53S4J,AN-4006-Hell Grau-2XL-CD-DE,B0CPSJGL71,New,--,,EUR,28.99,0,0,0,0,0,0,0,0,0,0,0,0,Amazon,,,,,,
DE,"Anelune Damen Chiffon Blusen mit V-Ausschnitt und Bindung vorne, Fledermaus?rmel, Kurzarm, Sommerliche Oberteile und Hemden,Royal blue",X001XGF1AH,AN1014-Royal blue-XL-CD-DE-NEW,B0CQSZ4TGH,New,--,,EUR,26.99,0,0,0,0,0,0,0,0,0,0,0,0,Amazon,,,,,,0.0003 m3
DE,"Anelune Damen Chiffon Blusen mit V-Ausschnitt und Bindung vorne, Fledermaus?rmel, Kurzarm, Sommerliche Oberteile und Hemden,Royal blue",X001XGF1D9,AN1014-Royal blue-XXL-CD-DE-NEW,B0CQSY9DZM,New,--,,EUR,26.99,0,0,0,0,0,0,0,0,0,0,0,0,Amazon,,,,,,0.0003 m3
DE,Herren Leinen Shorts L?ssige Klassische Passform Baumwolle Sommer Strand Kurze Herren Sport Shorts Urlaubs Essentials f¨¹r M?nner und Kordelzug mit Elastischer Taille und Taschen,X001X5JSKH,AN-4006-Wei?-3XL-CD-DE,B0CPS3LCKT,New,--,,EUR,28.99,0,0,0,0,0,0,0,0,0,0,0,0,Amazon,,,,,,
DE,Herren Leinen Shorts L?ssige Klassische Passform Baumwolle Sommer Strand Kurze Herren Sport Shorts Urlaubs Essentials f¨¹r M?nner und Kordelzug mit Elastischer Taille und Taschen,X001X53RYP,AN-4006-Schwarz-3XL-CD-DE,B0CPSCCBT4,New,--,,EUR,28.99,0,0,0,0,0,0,0,0,0,0,0,0,Amazon,,,,,,
DE,"Anelune Herren Luxus-Casual Shirt: Sommerliches Henley-Shirt & T-Shirt Basiscasual Shirt f¨¹r den Alltag(2XL, 00Dunkel Grau)",X001X4TU3D,AN4076-Dark Gray-2XL-CD-DE,B0CPPV9VFD,New,--,,EUR,26.99,0,0,0,0,0,0,0,0,0,0,0,0,Amazon,,,,,,
DE,"Anelune Damen Chiffon Blusen mit V-Ausschnitt und Bindung vorne, Fledermaus?rmel, Kurzarm, Sommerliche Oberteile und Hemden,Marineblau",X001XGJKZJ,AN1014-Navy blue-L-CD-DE-NEW,B0CQSY1Q2L,New,--,,EUR,26.99,0,0,0,0,0,0,0,0,0,0,0,0,Amazon,,,,,,0.0003 m3
DE,"Anelune Herren Luxus-Casual Shirt: Sommerliches Henley-Shirt & T-Shirt Basiscasual Shirt f¨¹r den Alltag(XL, 00Schwarz)",X001X4TXLH,AN4076-BLack-XL-CD-DE,B0CPPWRJCJ,New,--,,EUR,26.99,0,0,0,0,0,0,0,0,0,0,0,0,Amazon,,,,,,
DE,"Anelune Herren Luxus-Casual Shirt: Sommerliches Henley-Shirt & T-Shirt Basiscasual Shirt f¨¹r den Alltag(L, 00Schwarz)",X001X4TW0T,AN4076-BLack-L-CD-DE,B0CPPWYPQZ,New,--,,EUR,26.99,0,0,0,0,0,0,0,0,0,0,0,0,Amazon,,,,,,
DE,Herren Leinen Shorts L?ssige Klassische Passform Baumwolle Sommer Strand Kurze Herren Sport Shorts Urlaubs Essentials f¨¹r M?nner und Kordelzug mit Elastischer Taille und Taschen,X001X5O041,AN-4006-Dunkles Khaki-2XL-CD-DE,B0CPSNQ2FL,New,--,,EUR,28.99,0,0,0,0,0,0,0,0,0,0,0,0,Amazon,0,0,out_of_stock,,,
DE,"Anelune Damen Chiffon Blusen mit V-Ausschnitt und Bindung vorne, Fledermaus?rmel, Kurzarm, Sommerliche Oberteile und Hemden,Marineblau",X001XGF1B1,AN1014-Navy blue-M-CD-DE-NEW,B0CQSXZ7M6,New,--,,EUR,26.99,0,0,0,0,0,0,0,0,0,0,0,0,Amazon,,,,,,0.0003 m3
DE,Herren Leinen Shorts L?ssige Klassische Passform Baumwolle Sommer Strand Kurze Herren Sport Shorts Urlaubs Essentials f¨¹r M?nner und Kordelzug mit Elastischer Taille und Taschen,X001X5O4PV,AN-4006-Schwarz-M-CD-DE,B0CPSNS5TW,New,--,,EUR,28.99,0,0,0,0,0,0,0,0,0,0,0,0,Amazon,,,,,,
DE,Herren Leinen Shorts L?ssige Klassische Passform Baumwolle Sommer Strand Kurze Herren Sport Shorts Urlaubs Essentials f¨¹r M?nner und Kordelzug mit Elastischer Taille und Taschen,X001X5O46F,AN-4006-Khaki-XL-CD-DE,B0CPRYF8DQ,New,--,,EUR,28.99,0,0,0,0,0,0,0,0,0,0,0,0,Amazon,0,0,out_of_stock,,,
DE,"Anelune Herren Luxus-Casual Shirt: Sommerliches Henley-Shirt & T-Shirt Basiscasual Shirt f¨¹r den Alltag(M, 00Dunkel Grau)",X001X4UWVH,AN4076-Dark Gray-M-CD-DE,B0CPPVW85G,New,--,,EUR,26.99,0,0,0,0,0,0,0,0,0,0,0,0,Amazon,,,,,,
DE,Herren Leinen Shorts L?ssige Klassische Passform Baumwolle Sommer Strand Kurze Herren Sport Shorts Urlaubs Essentials f¨¹r M?nner und Kordelzug mit Elastischer Taille und Taschen,X001X5NZZV,AN-4006-Dunkles Khaki-L-CD-DE,B0CPSG8NQF,New,--,,EUR,28.99,0,0,0,0,0,0,0,0,0,0,0,0,Amazon,,,,,,
DE,Herren Leinen Shorts L?ssige Klassische Passform Baumwolle Sommer Strand Kurze Herren Sport Shorts Urlaubs Essentials f¨¹r M?nner und Kordelzug mit Elastischer Taille und Taschen,X001X5O45B,AN-4006-Dunkles Khaki-S-CD-DE,B0CPSCZV3L,New,--,,EUR,28.99,0,0,0,0,0,0,0,0,0,0,0,0,Amazon,,,,,,
DE,Herren Leinen Shorts L?ssige Klassische Passform Baumwolle Sommer Strand Kurze Herren Sport Shorts Urlaubs Essentials f¨¹r M?nner und Kordelzug mit Elastischer Taille und Taschen,X001X5O48X,AN-4006-Navy Blau-S-CD-DE,B0CPSKM6HK,New,--,,EUR,28.99,0,0,0,0,0,0,0,0,0,0,0,0,Amazon,,,,,,
DE,Herren Leinen Shorts L?ssige Klassische Passform Baumwolle Sommer Strand Kurze Herren Sport Shorts Urlaubs Essentials f¨¹r M?nner und Kordelzug mit Elastischer Taille und Taschen,X001X5O4A1,AN-4006-Navy Blau-XL-CD-DE,B0CPSMT8MF,New,--,,EUR,28.99,0,0,0,0,0,0,0,0,0,0,0,0,Amazon,,,,,,
DE,"Anelune Damen Chiffon Blusen mit V-Ausschnitt und Bindung vorne, Fledermaus?rmel, Kurzarm, Sommerliche Oberteile und Hemden,Marineblau",X001XGH263,AN1014-Navy blue-S-CD-DE-NEW,B0CQSZNS3G,New,--,,EUR,26.99,0,0,0,0,0,0,0,0,0,0,0,0,Amazon,,,,,,0.0003 m3
DE,"Anelune Herren Sommer Shorts mit Taschen L?ssige Elastische Taille Jogger Shorts - Herren Leinen Bermuda Shorts Geeignet f¨¹r Strandparty, Reisen und Freizeit",X001X5O01J,AN-4006-Hell Grau-XL-CD-DE,B0CPSC2N85,New,--,,EUR,28.99,0,0,0,0,0,0,0,0,0,0,0,0,Amazon,,,,,,
DE,"Anelune Herren Luxus-Casual Shirt: Sommerliches Henley-Shirt & T-Shirt Basiscasual Shirt f¨¹r den Alltag(S, 00Gr¨¹n)",X001X4UWR1,AN4076-Green-S-CD-DE,B0CPPTT7R5,New,--,,EUR,26.99,0,0,0,0,0,0,0,0,0,0,0,0,Amazon,,,,,,
DE,Herren Leinen Shorts L?ssige Klassische Passform Baumwolle Sommer Strand Kurze Herren Sport Shorts Urlaubs Essentials f¨¹r M?nner und Kordelzug mit Elastischer Taille und Taschen,X001X5JSLV,AN-4006-Schwarz-XL-CD-DE,B0CPS11C8G,New,--,,EUR,28.99,0,0,0,0,0,0,0,0,0,0,0,0,Amazon,,,,,,
DE,"Anelune Damen Chiffon Blusen mit V-Ausschnitt und Bindung vorne, Fledermaus?rmel, Kurzarm, Sommerliche Oberteile und Hemden,Marineblau",X001XGJJH3,AN1014-Navy blue-XL-CD-DE-NEW,B0CQSZ8RWD,New,--,,EUR,26.99,0,0,0,0,0,0,0,0,0,0,0,0,Amazon,,,,,,0.0003 m3
DE,"Anelune Herren Sommer Shorts mit Taschen L?ssige Elastische Taille Jogger Shorts - Herren Leinen Bermuda Shorts Geeignet f¨¹r Strandparty, Reisen und Freizeit",X001X5O00F,AN-4006- Amry Gr¨¹n-2XL-CD-DE,B0CPSDDWH8,New,--,,EUR,28.99,0,0,0,0,0,0,0,0,0,0,0,0,Amazon,,,,,,
DE,"Anelune Damen Chiffon Blusen mit V-Ausschnitt und Bindung vorne, Fledermaus?rmel, Kurzarm, Sommerliche Oberteile und Hemden,Marineblau",X001XGJKVN,AN1014-Navy blue-XXL-CD-DE-NEW,B0CQSY18MZ,New,--,,EUR,26.99,0,0,0,0,0,0,0,0,0,0,0,0,Amazon,,,,,,0.0003 m3
DE,Herren Leinen Shorts L?ssige Klassische Passform Baumwolle Sommer Strand Kurze Herren Sport Shorts Urlaubs Essentials f¨¹r M?nner und Kordelzug mit Elastischer Taille und Taschen,X001X5JSP7,AN-4006-Dunkles Khaki-3XL-CD-DE,B0CPS9Y3YY,New,--,,EUR,28.99,0,0,0,0,0,0,0,0,0,0,0,0,Amazon,,,,,,
DE,"Anelune Herren Luxus-Casual Shirt: Sommerliches Henley-Shirt & T-Shirt Basiscasual Shirt f¨¹r den Alltag(L, 00Gr¨¹n)",X001X4TYEN,AN4076-Green-L-CD-DE,B0CPPW5D49,New,--,,EUR,26.99,0,0,0,0,0,0,0,0,0,0,0,0,Amazon,,,,,,
DE,Herren Leinen Shorts L?ssige Klassische Passform Baumwolle Sommer Strand Kurze Herren Sport Shorts Urlaubs Essentials f¨¹r M?nner und Kordelzug mit Elastischer Taille und Taschen,X001X5JSK7,AN-4006-Navy Blau-3XL-CD-DE,B0CPSMVT3Y,New,--,,EUR,28.99,0,0,0,0,0,0,0,0,0,0,0,0,Amazon,,,,,,
DE,"Anelune Herren Luxus-Casual Shirt: Sommerliches Henley-Shirt & T-Shirt Basiscasual Shirt f¨¹r den Alltag(L, 00Hell Grau)",X001X4TTYN,AN4076-Light Gray-L-CD-DE,B0CPPWCF79,New,--,,EUR,26.99,0,0,0,0,0,0,0,0,0,0,0,0,Amazon,,,,,,
DE,"Anelune Damen Chiffon Blusen mit V-Ausschnitt und Bindung vorne, Fledermaus?rmel, Kurzarm, Sommerliche Oberteile und Hemden,Rosa",X001XGF1IT,AN1014-Pink-L-CD-DE-NEW,B0CQSZJZYY,New,--,,EUR,26.99,0,0,0,0,0,0,0,0,0,0,0,0,Amazon,0,0,out_of_stock,,,0.0003 m3
DE,"Anelune Herren Sommer Shorts mit Taschen L?ssige Elastische Taille Jogger Shorts - Herren Leinen Bermuda Shorts Geeignet f¨¹r Strandparty, Reisen und Freizeit",X001X5NZXX,AN-4006-Hell Grau-L-CD-DE,B0CPSG75DB,New,--,,EUR,28.99,0,0,0,0,0,0,0,0,0,0,0,0,Amazon,,,,,,
DE,Herren Leinen Shorts L?ssige Klassische Passform Baumwolle Sommer Strand Kurze Herren Sport Shorts Urlaubs Essentials f¨¹r M?nner und Kordelzug mit Elastischer Taille und Taschen,X001X5O00Z,AN-4006-Wei?-XL-CD-DE,B0CPSCFWBR,New,--,,EUR,28.99,0,0,0,0,0,0,0,0,0,0,0,0,Amazon,,,,,,
DE,"Anelune Herren Luxus-Casual Shirt: Sommerliches Henley-Shirt & T-Shirt Basiscasual Shirt f¨¹r den Alltag(S, 00Dunkel Grau)",X001X4TXV7,AN4076-Dark Gray-S-CD-DE,B0CPPX8KJT,New,--,,EUR,26.99,0,0,0,0,0,0,0,0,0,0,0,0,Amazon,,,,,,
DE,Herren Leinen Shorts L?ssige Klassische Passform Baumwolle Sommer Strand Kurze Herren Sport Shorts Urlaubs Essentials f¨¹r M?nner und Kordelzug mit Elastischer Taille und Taschen,X001X53S53,AN-4006-Khaki-L-CD-DE,B0CPSVPXWW,New,--,,EUR,28.99,0,0,0,0,0,0,0,0,0,0,0,0,Amazon,,,,,,
DE,Herren Leinen Shorts L?ssige Klassische Passform Baumwolle Sommer Strand Kurze Herren Sport Shorts Urlaubs Essentials f¨¹r M?nner und Kordelzug mit Elastischer Taille und Taschen,X001X5JSN9,AN-4006-Wei?-2XL-CD-DE,B0CPS85RDF,New,--,,EUR,28.99,0,0,0,0,0,0,0,0,0,0,0,0,Amazon,0,0,out_of_stock,,,
DE,"Anelune Herren Luxus-Casual Shirt: Sommerliches Henley-Shirt & T-Shirt Basiscasual Shirt f¨¹r den Alltag(L, 00Dunkel Grau)",X001X4TXTJ,AN4076-Dark Gray-L-CD-DE,B0CPPX96VW,New,--,,EUR,26.99,0,0,0,0,0,0,0,0,0,0,0,0,Amazon,,,,,,
DE,Herren Leinen Shorts L?ssige Klassische Passform Baumwolle Sommer Strand Kurze Herren Sport Shorts Urlaubs Essentials f¨¹r M?nner und Kordelzug mit Elastischer Taille und Taschen,X001X5JSJ3,AN-4006-Khaki-M-CD-DE,B0CPRWY8ZR,New,--,,EUR,28.99,0,0,0,0,0,0,0,0,0,0,0,0,Amazon,0,0,out_of_stock,,,
DE,"Anelune Damen Chiffon Blusen mit V-Ausschnitt und Bindung vorne, Fledermaus?rmel, Kurzarm, Sommerliche Oberteile und Hemden,Rosa",X001XGF17Z,AN1014-Pink-M-CD-DE-NEW,B0CQSYYSWJ,New,--,,EUR,26.99,0,0,0,0,0,0,0,0,0,0,0,0,Amazon,0,0,out_of_stock,,,0.0003 m3
DE,"Anelune Damen Chiffon Blusen mit V-Ausschnitt und Bindung vorne, Fledermaus?rmel, Kurzarm, Sommerliche Oberteile und Hemden,Rosa",X001XGJJHD,AN1014-Pink-S-CD-DE-NEW,B0CQT18TRV,New,--,,EUR,26.99,0,0,0,0,0,0,0,0,0,0,0,0,Amazon,0,0,out_of_stock,,,0.0003 m3
DE,"Anelune Damen Chiffon Blusen mit V-Ausschnitt und Bindung vorne, Fledermaus?rmel, Kurzarm, Sommerliche Oberteile und Hemden,Rosa",X001XGF1H5,AN1014-Pink-XL-CD-DE-NEW,B0CQSXNQT6,New,--,,EUR,26.99,0,0,0,0,0,0,0,0,0,0,0,0,Amazon,,,,,,0.0003 m3
DE,"Anelune Herren Luxus-Casual Shirt: Sommerliches Henley-Shirt & T-Shirt Basiscasual Shirt f¨¹r den Alltag(2XL, 00Gr¨¹n)",X001X4UWXP,AN4076-Green-2XL-CD-DE,B0CPPXKK3S,New,--,,EUR,26.99,0,0,0,0,0,0,0,0,0,0,0,0,Amazon,,,,,,
DE,"Anelune Damen Chiffon Blusen mit V-Ausschnitt und Bindung vorne, Fledermaus?rmel, Kurzarm, Sommerliche Oberteile und Hemden,Rosa",X001XGJJPP,AN1014-Pink-XXL-CD-DE-NEW,B0CQSYCF2W,New,--,,EUR,26.99,0,0,0,0,0,0,0,0,0,0,0,0,Amazon,,,,,,0.0003 m3
DE,"Anelune Damen Chiffon Blusen mit V-Ausschnitt und Bindung vorne, Fledermaus?rmel, Kurzarm, Sommerliche Oberteile und Hemden,Schwarz",X001XGJJP5,AN1014-Black-L-CD-DE-NEW,B0CQSXXCJZ,New,--,,EUR,26.99,0,0,0,0,0,0,0,0,0,0,0,0,Amazon,,,,,,0.0003 m3
DE,Herren Leinen Shorts L?ssige Klassische Passform Baumwolle Sommer Strand Kurze Herren Sport Shorts Urlaubs Essentials f¨¹r M?nner und Kordelzug mit Elastischer Taille und Taschen,X001X5O4GF,AN-4006-Navy Blau-2XL-CD-DE,B0CPS9WSKN,New,--,,EUR,28.99,0,0,0,0,0,0,0,0,0,0,0,0,Amazon,,,,,,
DE,"Anelune Herren Sommer Shorts mit Taschen L?ssige Elastische Taille Jogger Shorts - Herren Leinen Bermuda Shorts Geeignet f¨¹r Strandparty, Reisen und Freizeit",X001X5O04B,AN-4006-Light Blue-S-CD-DE,B0CPSCMDPK,New,--,,EUR,28.99,0,0,0,0,0,0,0,0,0,0,0,0,Amazon,,,,,,
DE,Herren Leinen Shorts L?ssige Klassische Passform Baumwolle Sommer Strand Kurze Herren Sport Shorts Urlaubs Essentials f¨¹r M?nner und Kordelzug mit Elastischer Taille und Taschen,X001X5JST3,AN-4006-Schwarz-S-CD-DE,B0CPS5K23F,New,--,,EUR,28.99,0,0,0,0,0,0,0,0,0,0,0,0,Amazon,,,,,,
DE,"Anelune Herren Sommer Shorts mit Taschen L?ssige Elastische Taille Jogger Shorts - Herren Leinen Bermuda Shorts Geeignet f¨¹r Strandparty, Reisen und Freizeit",X001X53S1R,AN-4006-Hell Grau-3XL-CD-DE,B0CPSNTN5L,New,--,,EUR,28.99,0,0,0,0,0,0,0,0,0,0,0,0,Amazon,,,,,,
DE,"Anelune Herren Luxus-Casual Shirt: Sommerliches Henley-Shirt & T-Shirt Basiscasual Shirt f¨¹r den Alltag(XL, 00Dunkel Grau)",X001X4UWQR,AN4076-Dark Gray-XL-CD-DE,B0CPPVNRJB,New,--,,EUR,26.99,0,0,0,0,0,0,0,0,0,0,0,0,Amazon,,,,,,
DE,"Anelune Herren Sommer Shorts mit Taschen L?ssige Elastische Taille Jogger Shorts - Herren Leinen Bermuda Shorts Geeignet f¨¹r Strandparty, Reisen und Freizeit",X001X5O4AB,AN-4006-Light Blue-3XL-CD-DE,B0CPSBMGYH,New,--,,EUR,28.99,0,0,0,0,0,0,0,0,0,0,0,0,Amazon,0,0,out_of_stock,,,
DE,"Anelune Damen Chiffon Blusen mit V-Ausschnitt und Bindung vorne, Fledermaus?rmel, Kurzarm, Sommerliche Oberteile und Hemden,Schwarz",X001XGH213,AN1014-Black-M-CD-DE-NEW,B0CQSXTW3G,New,--,,EUR,26.99,0,0,0,0,0,0,0,0,0,0,0,0,Amazon,0,0,out_of_stock,,,0.0003 m3
DE,"Anelune Herren Sommer Shorts mit Taschen L?ssige Elastische Taille Jogger Shorts - Herren Leinen Bermuda Shorts Geeignet f¨¹r Strandparty, Reisen und Freizeit",X001X5O023,AN-4006-Hell Grau-M-CD-DE,B0CPSGM3QQ,New,--,,EUR,28.99,0,0,0,0,0,0,0,0,0,0,0,0,Amazon,0,0,out_of_stock,,,
DE,"Anelune Damen Chiffon Blusen mit V-Ausschnitt und Bindung vorne, Fledermaus?rmel, Kurzarm, Sommerliche Oberteile und Hemden,Schwarz",X001XGJJG9,AN1014-Black-S-CD-DE-NEW,B0CQSXX1V6,New,--,,EUR,26.99,0,0,0,0,0,0,0,0,0,0,0,0,Amazon,0,0,out_of_stock,,,0.0003 m3
DE,"Anelune Damen Chiffon Blusen mit V-Ausschnitt und Bindung vorne, Fledermaus?rmel, Kurzarm, Sommerliche Oberteile und Hemden,Schwarz",X001XGJJGT,AN1014-Black-XL-CD-DE-NEW,B0CQT13CKY,New,--,,EUR,26.99,0,0,0,0,0,0,0,0,0,0,0,0,Amazon,,,,,,0.0003 m3
DE,Herren Leinen Shorts L?ssige Klassische Passform Baumwolle Sommer Strand Kurze Herren Sport Shorts Urlaubs Essentials f¨¹r M?nner und Kordelzug mit Elastischer Taille und Taschen,X001X53RXV,AN-4006-Navy Blau-L-CD-DE,B0CPS42LH1,New,--,,EUR,28.99,0,0,0,0,0,0,0,0,0,0,0,0,Amazon,,,,,,
DE,"Anelune Damen Chiffon Blusen mit V-Ausschnitt und Bindung vorne, Fledermaus?rmel, Kurzarm, Sommerliche Oberteile und Hemden,Schwarz",X001XGH28V,AN1014-Black-XXL-CD-DE-NEW,B0CQSY4TBL,New,--,,EUR,26.99,0,0,0,0,0,0,0,0,0,0,0,0,Amazon,,,,,,0.0003 m3
DE,Herren Leinen Shorts L?ssige Klassische Passform Baumwolle Sommer Strand Kurze Herren Sport Shorts Urlaubs Essentials f¨¹r M?nner und Kordelzug mit Elastischer Taille und Taschen,X001X5O0AF,AN-4006-Navy Blau-M-CD-DE,B0CPSKZW1Z,New,--,,EUR,28.99,0,0,0,0,0,0,0,0,0,0,0,0,Amazon,,,,,,
DE,"Anelune Damen Chiffon Blusen mit V-Ausschnitt und Bindung vorne, Fledermaus?rmel, Kurzarm, Sommerliche Oberteile und Hemden,Wei?",X001XGF1I9,AN1014-White-L-CD-DE-NEW,B0CQSZSYTG,New,--,,EUR,26.99,0,0,0,0,0,0,0,0,0,0,0,0,Amazon,,,,,,0.0003 m3
DE,"Anelune Herren Sommer Shorts mit Taschen L?ssige Elastische Taille Jogger Shorts - Herren Leinen Bermuda Shorts Geeignet f¨¹r Strandparty, Reisen und Freizeit",X001X5O00P,AN-4006-Light Blue-L-CD-DE,B0CPS1ZPBZ,New,--,,EUR,28.99,0,0,0,0,0,0,0,0,0,0,0,0,Amazon,,,,,,
DE,"Anelune Herren Luxus-Casual Shirt: Sommerliches Henley-Shirt & T-Shirt Basiscasual Shirt f¨¹r den Alltag(2XL, 00Hell Grau)",X001X4TXU3,AN4076-Light Gray-2XL-CD-DE,B0CPPW6FGK,New,--,,EUR,26.99,0,0,0,0,0,0,0,0,0,0,0,0,Amazon,,,,,,
DE,Herren Leinen Shorts L?ssige Klassische Passform Baumwolle Sommer Strand Kurze Herren Sport Shorts Urlaubs Essentials f¨¹r M?nner und Kordelzug mit Elastischer Taille und Taschen,X001X5O4CT,AN-4006-Khaki-2XL-CD-DE,B0CPS5L1YT,New,--,,EUR,28.99,0,0,0,0,0,0,0,0,0,0,0,0,Amazon,,,,,,
DE,"Anelune Damen Chiffon Blusen mit V-Ausschnitt und Bindung vorne, Fledermaus?rmel, Kurzarm, Sommerliche Oberteile und Hemden,Wei?",X001XGH281,AN1014-White-M-CD-DE-NEW,B0CQSY72F6,New,--,,EUR,26.99,0,0,0,0,0,0,0,0,0,0,0,0,Amazon,,,,,,0.0003 m3
DE,Herren Leinen Shorts L?ssige Klassische Passform Baumwolle Sommer Strand Kurze Herren Sport Shorts Urlaubs Essentials f¨¹r M?nner und Kordelzug mit Elastischer Taille und Taschen,X001X5NZWT,AN-4006-Khaki-3XL-CD-DE,B0CPS7BRR7,New,--,,EUR,28.99,0,0,0,0,0,0,0,0,0,0,0,0,Amazon,0,0,out_of_stock,,,
DE,Herren Leinen Shorts L?ssige Klassische Passform Baumwolle Sommer Strand Kurze Herren Sport Shorts Urlaubs Essentials f¨¹r M?nner und Kordelzug mit Elastischer Taille und Taschen,X001X5O08H,AN-4006-Schwarz-2XL-CD-DE,B0CPS6QFQ5,New,--,,EUR,28.99,0,0,0,0,0,0,0,0,0,0,0,0,Amazon,,,,,,
DE,"Anelune Herren Sommer Shorts mit Taschen L?ssige Elastische Taille Jogger Shorts - Herren Leinen Bermuda Shorts Geeignet f¨¹r Strandparty, Reisen und Freizeit",X001X5O02N,AN-4006-Hell Grau-S-CD-DE,B0CPS6R2NW,New,--,,EUR,28.99,0,0,0,0,0,0,0,0,0,0,0,0,Amazon,,,,,,
DE,"Anelune Herren Sommer Shorts mit Taschen L?ssige Elastische Taille Jogger Shorts - Herren Leinen Bermuda Shorts Geeignet f¨¹r Strandparty, Reisen und Freizeit",X001X5O45L,AN-4006-Light Blue-XL-CD-DE,B0CPSDS855,New,--,,EUR,28.99,0,0,0,0,0,0,0,0,0,0,0,0,Amazon,0,0,out_of_stock,,,
DE,"Anelune Damen Chiffon Blusen mit V-Ausschnitt und Bindung vorne, Fledermaus?rmel, Kurzarm, Sommerliche Oberteile und Hemden,Wei?",X001XGJJEL,AN1014-White-S-CD-DE-NEW,B0CQSZGYH1,New,--,,EUR,26.99,0,0,0,0,0,0,0,0,0,0,0,0,Amazon,,,,,,0.0003 m3
DE,Herren Leinen Shorts L?ssige Klassische Passform Baumwolle Sommer Strand Kurze Herren Sport Shorts Urlaubs Essentials f¨¹r M?nner und Kordelzug mit Elastischer Taille und Taschen,X001X5O073,AN-4006-Dunkles Khaki-M-CD-DE,B0CPRZKFXR,New,--,,EUR,28.99,0,0,0,0,0,0,0,0,0,0,0,0,Amazon,,,,,,
DE,"Anelune Damen Chiffon Blusen mit V-Ausschnitt und Bindung vorne, Fledermaus?rmel, Kurzarm, Sommerliche Oberteile und Hemden,Wei?",X001XGJJL9,AN1014-White-XL-CD-DE-NEW,B0CQSYGCWW,New,--,,EUR,26.99,0,0,0,0,0,0,0,0,0,0,0,0,Amazon,0,0,out_of_stock,,,0.0003 m3
DE,"Anelune Damen Chiffon Blusen mit V-Ausschnitt und Bindung vorne, Fledermaus?rmel, Kurzarm, Sommerliche Oberteile und Hemden,Wei?",X001XGF16B,AN1014-White-XXL-CD-DE-NEW,B0CQSXNQT2,New,--,,EUR,26.99,0,0,0,0,0,0,0,0,0,0,0,0,Amazon,,,,,,0.0003 m3
DE,"Anelune Herren Luxus-Casual Shirt: Sommerliches Henley-Shirt & T-Shirt Basiscasual Shirt f¨¹r den Alltag(S, 00Vg-Blau)",X001X4TV7X,AN4076-Vg-Blue-S-CD-DE,B0CPPX8TVQ,New,--,,EUR,26.99,0,0,0,0,0,0,0,0,0,0,0,0,Amazon,,,,,,
DE,"Anelune Herren Luxus-Casual Shirt: Sommerliches Henley-Shirt & T-Shirt Basiscasual Shirt f¨¹r den Alltag(L, 00Vg-Blau)",X001X4TU65,AN4076-Vg-Blue-L-CD-DE,B0CPPV8S7F,New,--,,EUR,26.99,0,0,0,0,0,0,0,0,0,0,0,0,Amazon,,,,,,
DE,"Anelune Herren Luxus-Casual Shirt: Sommerliches Henley-Shirt & T-Shirt Basiscasual Shirt f¨¹r den Alltag(M, 00Navy Blau)",X001X4TUZ1,AN4076-Navy Blue-M-CD-DE,B0CPPWCGK2,New,--,,EUR,26.99,0,0,0,0,0,0,0,0,0,0,0,0,Amazon,,,,,,
DE,"Anelune Herren Luxus-Casual Shirt: Sommerliches Henley-Shirt & T-Shirt Basiscasual Shirt f¨¹r den Alltag(M, 00Wei?)",X001X4YW1N,AN4076-White-M-CD-DE,B0CPPVV9RZ,New,--,,EUR,26.99,0,0,0,0,0,0,0,0,0,0,0,0,Amazon,,,,,,
DE,"Anelune Herren Luxus-Casual Shirt: Sommerliches Henley-Shirt & T-Shirt Basiscasual Shirt f¨¹r den Alltag(M, 00Vg-Rot)",X001X4TXTT,AN4076-Vg-Red-M-CD-DE,B0CPPWGXQM,New,--,,EUR,26.99,0,0,0,0,0,0,0,0,0,0,0,0,Amazon,,,,,,
DE,"Anelune Herren Luxus-Casual Shirt: Sommerliches Henley-Shirt & T-Shirt Basiscasual Shirt f¨¹r den Alltag(M, 00Hell Grau)",X001X4UWW1,AN4076-Light Gray-M-CD-DE,B0CPPW728V,New,--,,EUR,26.99,0,0,0,0,0,0,0,0,0,0,0,0,Amazon,,,,,,
DE,"Anelune Herren Luxus-Casual Shirt: Sommerliches Henley-Shirt & T-Shirt Basiscasual Shirt f¨¹r den Alltag(L, 00Wei?)",X001X4TU2J,AN4076-White-L-CD-DE,B0CPPWG6VM,New,--,,EUR,26.99,0,0,0,0,0,0,0,0,0,0,0,0,Amazon,,,,,,
DE,"Anelune Herren Luxus-Casual Shirt: Sommerliches Henley-Shirt & T-Shirt Basiscasual Shirt f¨¹r den Alltag(2XL, 00Vg-Rot)",X001X4TVJB,AN4076-Vg-Red-2XL-CD-DE,B0CPPXLQT1,New,--,,EUR,26.99,0,0,0,0,0,0,0,0,0,0,0,0,Amazon,,,,,,
DE,"Anelune Herren Luxus-Casual Shirt: Sommerliches Henley-Shirt & T-Shirt Basiscasual Shirt f¨¹r den Alltag(XL, 00Vg-Blau)",X001X4TXO9,AN4076-Vg-Blue-XL-CD-DE,B0CPPVP3D4,New,--,,EUR,26.99,0,0,0,0,0,0,0,0,0,0,0,0,Amazon,,,,,,
DE,"Anelune Herren Luxus-Casual Shirt: Sommerliches Henley-Shirt & T-Shirt Basiscasual Shirt f¨¹r den Alltag(XL, 00Navy Blau)",X001X4TV4V,AN4076-Navy Blue-XL-CD-DE,B0CPPVQ811,New,--,,EUR,26.99,0,0,0,0,0,0,0,0,0,0,0,0,Amazon,,,,,,
DE,"Anelune Herren Luxus-Casual Shirt: Sommerliches Henley-Shirt & T-Shirt Basiscasual Shirt f¨¹r den Alltag(S, 00Vg-Rot)",X001X4TXKN,AN4076-Vg-Red-S-CD-DE,B0CPPVTLSV,New,--,,EUR,26.99,0,0,0,0,0,0,0,0,0,0,0,0,Amazon,,,,,,
DE,"Anelune Herren Luxus-Casual Shirt: Sommerliches Henley-Shirt & T-Shirt Basiscasual Shirt f¨¹r den Alltag(S, 00Navy Blau)",X001X4TU4H,AN4076-Navy Blue-S-CD-DE,B0CPPX98YP,New,--,,EUR,26.99,0,0,0,0,0,0,0,0,0,0,0,0,Amazon,,,,,,
DE,"Anelune Herren Luxus-Casual Shirt: Sommerliches Henley-Shirt & T-Shirt Basiscasual Shirt f¨¹r den Alltag(L, 00Vg-Rot)",X001X4TVI7,AN4076-Vg-Red-L-CD-DE,B0CPPVD59N,New,--,,EUR,26.99,0,0,0,0,0,0,0,0,0,0,0,0,Amazon,,,,,,
DE,"Anelune Herren Luxus-Casual Shirt: Sommerliches Henley-Shirt & T-Shirt Basiscasual Shirt f¨¹r den Alltag(S, 00Hell Grau)",X001X4TVAP,AN4076-Light Gray-S-CD-DE,B0CPPV8S7N,New,--,,EUR,26.99,0,0,0,0,0,0,0,0,0,0,0,0,Amazon,,,,,,
DE,"Anelune Herren Luxus-Casual Shirt: Sommerliches Henley-Shirt & T-Shirt Basiscasual Shirt f¨¹r den Alltag(M, 00Vg-Blau)",X001X4TVAZ,AN4076-Vg-Blue-M-CD-DE,B0CPPWTMPK,New,--,,EUR,26.99,0,0,0,0,0,0,0,0,0,0,0,0,Amazon,,,,,,
DE,"Anelune Herren Luxus-Casual Shirt: Sommerliches Henley-Shirt & T-Shirt Basiscasual Shirt f¨¹r den Alltag(XL, 00Hell Grau)",X001X4TVBJ,AN4076-Light Gray-XL-CD-DE,B0CPPVQ2GR,New,--,,EUR,26.99,0,0,0,0,0,0,0,0,0,0,0,0,Amazon,,,,,,
DE,"Anelune Herren Luxus-Casual Shirt: Sommerliches Henley-Shirt & T-Shirt Basiscasual Shirt f¨¹r den Alltag(L, 00Navy Blau)",X001X4YYCZ,AN4076-Navy Blue-L-CD-DE,B0CPPVBY7S,New,--,,EUR,26.99,0,0,0,0,0,0,0,0,0,0,0,0,Amazon,,,,,,
DE,"Anelune Herren Luxus-Casual Shirt: Sommerliches Henley-Shirt & T-Shirt Basiscasual Shirt f¨¹r den Alltag(XL, 00Vg-Rot)",X001X4UWX5,AN4076-Vg-Red-XL-CD-DE,B0CPPVS62R,New,--,,EUR,26.99,0,0,0,0,0,0,0,0,0,0,0,0,Amazon,,,,,,
DE,"Anelune Herren Luxus-Casual Shirt: Sommerliches Henley-Shirt & T-Shirt Basiscasual Shirt f¨¹r den Alltag(2XL, 00Wei?)",X001X4TTZH,AN4076-White-2XL-CD-DE,B0CPPW1RTC,New,--,,EUR,26.99,0,0,0,0,0,0,0,0,0,0,0,0,Amazon,,,,,,
DE,"Anelune Herren Luxus-Casual Shirt: Sommerliches Henley-Shirt & T-Shirt Basiscasual Shirt f¨¹r den Alltag(XL, 00Wei?)",X001X4TU8N,AN4076-White-XL-CD-DE,B0CPPW37DW,New,--,,EUR,26.99,0,0,0,0,0,0,0,0,0,0,0,0,Amazon,,,,,,
DE,"Anelune Herren Luxus-Casual Shirt: Sommerliches Henley-Shirt & T-Shirt Basiscasual Shirt f¨¹r den Alltag(S, 00Wei?)",X001X4UWOJ,AN4076-White-S-CD-DE,B0CPPXTMWC,New,--,,EUR,26.99,0,0,0,0,0,0,0,0,0,0,0,0,Amazon,,,,,,
DE,"Anelune Herren Luxus-Casual Shirt: Sommerliches Henley-Shirt & T-Shirt Basiscasual Shirt f¨¹r den Alltag(2XL, 00Navy Blau)",X001X4TU9H,AN4076-Navy Blue-2XL-CD-DE,B0CPPVZJQH,New,--,,EUR,26.99,0,0,0,0,0,0,0,0,0,0,0,0,Amazon,,,,,,
DE,"Anelune Herren Luxus-Casual Shirt: Sommerliches Henley-Shirt & T-Shirt Basiscasual Shirt f¨¹r den Alltag(2XL, 00Vg-Blau)",X001X4TU4R,AN4076-Vg-Blue-2XL-CD-DE,B0CPPWNLSD,New,--,,EUR,26.99,0,0,0,0,0,0,0,0,0,0,0,0,Amazon,,,,,,
